field_name,form_name,section_header,field_type,field_label,select_choices_or_calculations,field_note,text_validation_type_or_show_slider_number,text_validation_min,text_validation_max,identifier,branching_logic,required_field,custom_alignment,question_number,matrix_group_name,matrix_ranking,field_annotation
trial_no,study_details,,text,"REDCap auto number",,,,,,,,y,,,,,
dag,study_details,"System data",descriptive,"The Data Access Group (the unique group name) to which the current user belongs (blank if not in a DAG): [user-dag-name]",,,,,,,,,,,,,@HIDDEN
username,study_details,,text,"The current user's REDCap username",,,,,,,,,,,,,"@USERNAME @HIDDEN"
site,study_details,,calc,"The DAG number","if([username]='govern_gjackson','1',if([username]='govern_cmasters','2',if([username]='govern_abrodtman','3',if([username]='govern_jbernhardt','4',if([username]='govern_vthijs','5',if([username]='govern_khayward','6',if([username]='govern_jkim','7',if([username]='govern_alawrence','8',if([username]='govern_dvaughan','9',if([username]='govern_cstehmann','10',if([username]='govern_ctailby','11',if([username]='govern_abush','12',if([username]='govern_lcarey','13',if([username]='govern_ghalliday','14',if([username]='govern_jwiley_bgu','15',if([username]='govern_dabbot','16',''))))))))))))))))",,,,,,,,,,,,@HIDDEN
today,study_details,,text,"Date of today",,DD-MM-YYYY,date_dmy,,,,,,,,,,"@TODAY @HIDDEN"
role,study_details,"<h4><b><center>CLINICAL STUDY DETAILS</center></b></h4>",radio,"<div class=""rich-text-field-label""><p>Florey's principal role in the Clinical Study<br /><br /><span style=""color: #34495e; font-weight: normal;""><em>Answering this question will determine which aspects of the registry you will need to complete. </em></span></p> <p><span style=""color: #34495e; font-weight: normal;""><em>Please email clinical-governance@florey.edu.au if you are unsure.</em></span></p></div>","0, Primary Sponsor only (entity responsible for the initiation, management and financing of the study and carries medico legal responsibility associated with its conduct) | 1, Local Sponsor only (for studies with an International Sponsor. All clinical trials conducted in Australia must have a sponsor that is an Australian entity) | 2, Florey as a Participating Site only | 4, Both Primary Sponsor and a Participating Site | 3, Use of Florey premises only (e.g. use of clinic space or the processing/storage of human data)",,,,,,,y,,,,,
full_title,study_details,,notes,"Full protocol title",,,,,,,,y,,,,,
short_title,study_details,,text,"Short title/Acronym ",,,,,,,,y,,,,,
protocol_upload_sponsor,study_details,,file,"Please upload a copy of the ethics approved protocol",,,,,,,,y,,,,,@INLINE
trial_type,study_details,,radio,"Type of Study","1, Randomised trial | 2, Cohort study | 3, Case-control study | 4, Cross-sectional study | 5, Qualitative study | 7, Observational study | 6, Other",,,,,,,y,,,,,
trial_type_other,study_details,,text,"Please describe",,,,,,,"[trial_type] = '6'",y,,,,,
trial_phase,study_details,,radio,"Phase of Study","I, Pre-Clinical (Exploratory) | 2, Clinical Phase 1 (First in human, dose finding, safety) | 3, Clinical Phase 2a/b (Determination of safety/efficacy in a small number of people, further evaluation of feasibility) | 4, Clinical Phase 3 (Larger efficacy, further safety monitoring) | 5, Clinical Phase 4 (Post marketing of a proven intervention) | 6, Not applicable",,,,,,"[role]='0' or [role]='1' or [role]='2' or [role]='4'",y,,,,,
phase_other,study_details,,notes,"Please describe",,,,,,,[trial_phase]='6',y,,,,,
part_sponsor_2,study_details,,text,"Name of International Sponsor",,,,,,,[role]='1',y,,,,,
part_sponsor_1,study_details,,text,"Name of Sponsor",,,,,,,[role]='2',y,,,,,
active_closed,study_details,,dropdown,"Current status of study","5, Active - Recruitment Not Commenced | 1, Active - Recruiting | 4, Active - Recruitment Closed | 2, On Hold | 3, Closed / Archived",,,,,,,y,,,,,
funding_start,study_details,,text,"Study start date",,DD-MM-YYYY,date_dmy,,,y,"[role]='0' or [role]='1' or [role]='2' or [role]='4'",y,,,,,
funding_end,study_details,,text,"Study completion date (anticipated) ",,DD-MM-YYYY,date_dmy,,,y,"[role]='0' or [role]='1' or [role]='2' or [role]='4'",y,,,,,
part_number,study_details,,text,"Agreed number of patients to be recruited at Florey?",,,,,,,[role]='2',y,,,,,
chief_investigator,study_details,"Chief Investigator (CI) / Principal Investigator (PI) Details",text,"Name of CI / PI",,,,,,,"[role]='0' or [role]='1' or [role]='2' or [role]='4'",y,,,,,
ci_phone,study_details,,text,"Contact number of CI / PI",,,,,,,"[role]='0' or [role]='1' or [role]='2' or [role]='4'",y,,,,,
ci_email,study_details,,text,"Email address of CI / PI",,,email,,,,"[role]='0' or [role]='1' or [role]='2' or [role]='4'",y,,,,,
cpi,study_details,,text,"Affiliation of CI / PI",,,,,,,"[role]='0' or [role]='1' or [role]='2' or [role]='4'",y,,,,,
cv_upload,study_details,,file,"Please upload the CI / PI's short CV ",,,,,,,"[role]='0' or [role]='1' or [role]='2' or [role]='4'",y,,,,,@INLINE
ich_ynp,study_details,,radio,"Does the CI / PI hold a current ICH GCP certification?","1, Yes | 2, No | 3, Pending",,,,,,"[role]='0' or [role]='1' or [role]='2' or [role]='4'",y,RH,,,,
ich_upload,study_details,,file,"<div class=""rich-text-field-label""><p>Please upload current ICH GCP certification</p></div>",,,,,,,"[ich_ynp] = '1'",y,,,,,@INLINE
ich_link,study_details,,descriptive,"<div class=""rich-text-field-label""><div class=""green"" style=""text-align: center;""> <h6 style=""text-align: center;"">ICH GCP training and certification is available here:</h6> <h6 style=""text-align: center;""><a href=""https://globalhealthtrainingcentre.tghn.org/ich-good-clinical-practice"" target=""_blank"" rel=""noopener"">https://globalhealthtrainingcentre.tghn.org/ich-good-clinical-practice</a></h6> <h6 style=""text-align: center;"">Register and go to eLearning courses, short courses, and select 'ICH Good Clinical Practice E6 (R2)'. This will take on average 45- 60 minutes to complete. A certificate is issued once a minimum of 80% is achieved in the final quiz section. Certification is valid for 3 years from the date of completion. You can download and print your certificate for your files. This training is provided courtesy of The Global Health Network: <a href=""http://www.theglobalhealthnetwork.org"" target=""_blank"" rel=""noopener"">www.theglobalhealthnetwork.org</a></h6> </div></div>",,,,,,,"[ich_ynp] = '0' or [ich_ynp] = '3'",,,,,,
prem_contact,study_details,"Study Contacts",text,"Name of primary contact",,,,,,,[role]='3',y,,,,,
prem_phone,study_details,,text,"Contact number of primary contact",,,,,,,[role]='3',y,,,,,
prem_email,study_details,,text,"Email address of primary contact",,,,,,,[role]='3',y,,,,,
prem_affiliation,study_details,,text,"Affiliation of primary contact",,,,,,,[role]='3',y,,,,,
additional_contacts,study_details,,descriptive,"<div class=""rich-text-field-label""><table style=""border-collapse: collapse; width: 100.995%; height: 236px; border-style: none;"" border=""0""> <tbody> <tr style=""height: 66px;""> <td style=""text-align: center; height: 66px; width: 57.7149%;"" colspan=""3""> <p style=""text-align: center;"">Additional study contacts</p> <p style=""text-align: center;"">e.g. Study Coordinator/Project Manager</p> <p style=""text-align: center;""><span style=""font-weight: normal; color: #000000;"">*Please provide at least one</span></p> </td> </tr> <tr style=""height: 34px; border-color: #ced4d9; border-style: ridge;""> <td style=""height: 34px; width: 10.6104%; border-color: #000000; border-style: none;"">Contact 1<span style=""font-weight: normal;"">*</span></td> <td style=""width: 20.6908%; height: 34px; border-style: none;""> <p><span style=""font-weight: normal;"">Name: {contact_name_1}</span></p> <p><span style=""font-weight: normal;"">Role: {contact_role_1}</span></p> <p><span style=""font-weight: normal;"">{contact_status_1}</span></p> </td> <td style=""width: 26.4137%; height: 34px; border-style: none;""> <p><span style=""font-weight: normal;"">Email: {contact_email_1}</span></p> <p><span style=""font-weight: normal;"">Phone: {contact_phone_1}</span></p> <p> </p> </td> </tr> <tr style=""height: 34px; border-color: #ced4d9; border-style: ridge;""> <td style=""height: 34px; width: 10.6104%; border-color: #000000; border-style: none;"">Contact 2</td> <td style=""width: 20.6908%; height: 34px; border-style: none;""> <p><span style=""font-weight: normal;"">Name: {contact_name_2}</span></p> <p><span style=""font-weight: normal;"">Role: {contact_role_2}</span></p> <p><span style=""font-weight: normal;"">{contact_status_2}</span></p> </td> <td style=""width: 26.4137%; height: 34px; border-style: none;""> <p><span style=""font-weight: normal;"">Email: {contact_email_2}</span></p> <p><span style=""font-weight: normal;"">Phone: {contact_phone_2}</span></p> <p> </p> </td> </tr> <tr style=""height: 34px; border-color: #ced4d9; border-style: ridge;""> <td style=""height: 34px; width: 10.6104%; border-color: #000000; border-style: none;"">Contact 3</td> <td style=""width: 20.6908%; height: 34px; border-style: none;""> <p><span style=""font-weight: normal;"">Name: {contact_name_3}</span></p> <p><span style=""font-weight: normal;"">Role: {contact_role_3}</span></p> <p><span style=""font-weight: normal;"">{contact_status_3}</span></p> </td> <td style=""width: 26.4137%; height: 34px; border-style: none;""> <p><span style=""font-weight: normal;"">Email: {contact_email_3}</span></p> <p><span style=""font-weight: normal;"">Phone: {contact_phone_3}</span></p> <p> </p> </td> </tr> <tr style=""height: 34px; border-color: #ced4d9; border-style: ridge;""> <td style=""height: 34px; width: 10.6104%; border-color: #000000; border-style: none;"">Contact 4</td> <td style=""width: 20.6908%; height: 34px; border-style: none;""> <p><span style=""font-weight: normal;"">Name: {contact_name_4}</span></p> <p><span style=""font-weight: normal;"">Role: {contact_role_4}</span></p> <p><span style=""font-weight: normal;"">{contact_status_4}</span></p> </td> <td style=""width: 26.4137%; height: 34px; border-style: none;""> <p><span style=""font-weight: normal;"">Email: {contact_email_4}</span></p> <p><span style=""font-weight: normal;"">Phone: {contact_phone_4}</span></p> <p> </p> </td> </tr> <tr style=""height: 34px; border-color: #ced4d9; border-style: ridge;""> <td style=""height: 34px; width: 10.6104%; border-color: #000000; border-style: none;"">Contact 5</td> <td style=""width: 20.6908%; height: 34px; border-style: none;""> <p><span style=""font-weight: normal;"">Name: {contact_name_5}</span></p> <p><span style=""font-weight: normal;"">Role: {contact_role_5}</span></p> <p><span style=""font-weight: normal;"">{contact_status_5}</span></p> </td> <td style=""width: 26.4137%; height: 34px; border-style: none;""> <p><span style=""font-weight: normal;"">Email: {contact_email_5}</span></p> <p><span style=""font-weight: normal;"">Phone: {contact_phone_5}</span></p> <p> </p> </td> </tr> </tbody> </table></div>",,,,,,,[role]<>'',,,,,,
contact_name_1,study_details,,text,"Name of additional study contact",,,,,,,,y,,,,,
contact_email_1,study_details,,text,"Email address of additional study contact",,,email,,,,,y,,,,,
contact_phone_1,study_details,,text,"Contact number of additional study contact",,,,,,,,y,,,,,
contact_role_1,study_details,,text,"Role of additional study contact?",,,,,,,,y,RH,,,,
contact_status_1,study_details,,radio,"Is this contact still active?","1, Active contact | 0, Inactive",,,,,,,y,RH,,,,
contact_name_2,study_details,,text,"Name of additional study contact",,,,,,,,,,,,,
contact_email_2,study_details,,text,"Email address of additional study contact",,,email,,,,,,,,,,
contact_phone_2,study_details,,text,"Contact number of additional study contact",,,,,,,,,,,,,
contact_role_2,study_details,,text,"Role of additional study contact?",,,,,,,,,RH,,,,
contact_status_2,study_details,,radio,"Is this contact still active?","1, Active contact | 0, Inactive",,,,,,,,RH,,,,
contact_name_3,study_details,,text,"Name of additional study contact",,,,,,,,,,,,,
contact_email_3,study_details,,text,"Email address of additional study contact",,,email,,,,,,,,,,
contact_phone_3,study_details,,text,"Contact number of additional study contact",,,,,,,,,,,,,
contact_role_3,study_details,,text,"Role of additional study contact?",,,,,,,,,RH,,,,
contact_status_3,study_details,,radio,"Is this contact still active?","1, Active contact | 0, Inactive",,,,,,,,RH,,,,
contact_name_4,study_details,,text,"Name of additional study contact",,,,,,,,,,,,,
contact_email_4,study_details,,text,"Email address of additional study contact",,,email,,,,,,,,,,
contact_phone_4,study_details,,text,"Contact number of additional study contact",,,,,,,,,,,,,
contact_role_4,study_details,,text,"Role of additional study contact?",,,,,,,,,RH,,,,
contact_status_4,study_details,,radio,"Is this contact still active?","1, Active contact | 0, Inactive",,,,,,,,RH,,,,
contact_name_5,study_details,,text,"Name of additional study contact",,,,,,,,,,,,,
contact_email_5,study_details,,text,"Email address of additional study contact",,,email,,,,,,,,,,
contact_phone_5,study_details,,text,"Contact number of additional study contact",,,,,,,,,,,,,
contact_role_5,study_details,,text,"Role of additional study contact?",,,,,,,,,RH,,,,
contact_status_5,study_details,,radio,"Is this contact still active?","1, Active contact | 0, Inactive",,,,,,,,RH,,,,
contact_warning_2,study_details,,descriptive,"<div class=""red"" style=""text-align:center;""><h6 style=""text-align:center;"">You must list at least one active additional contact</h6></div>",,,,,,,"[contact_status_1]<>'1' and [contact_status_2]<>'1' and [contact_status_3]<>'1' and [contact_status_4]<>'1' and [contact_status_5]<>'1' and [role]<>''",,,,,,
funding_yn,study_details,Funding,yesno,"Do you have funding?",,,,,,,,y,RH,,,,
funding_type,study_details,,checkbox,"Which sources of funding do you use?","1, Competitive grant | 2, Commercial partner | 3, Philanthropic donor | 4, Self-funded | 5, Other",,,,,,,,,,,,
funding_type_other,study_details,,text,"Please describe",,,,,,,"[funding_type(5)] = '1'",y,,,,,
funding_administer,study_details,,dropdown,"Administering Institution","1, Florey Department | 3, Florey Institute | 2, Other",,,,,,"([role]='0' or [role]='1' or [role]='4') and [funding_yn]='1'",y,,,,,
funding_other,study_details,,text,"Please state the Institution",,,,,,,"[funding_administer] = '2'",y,,,,,
florey_finance,study_details,,text,"Please provide your Florey finance code for this project (if known)",,,,,,,"[funding_administer] = '1' or [funding_administer] = '2'",y,,,,,
funding_amount,study_details,,text,"Total funding amount (All sources)",,,,,,,"([role]='0' or [role]='1' or [role]='2' or [role]='4') and [funding_yn]='1'",y,,,,,
dsmc,study_details,"Data Safety Monitoring Committee",yesno,"Has an independent Data Safety Monitoring Committee (DSMC/DSMB) been established? ",,,,,,,"([role]='0' or [role]='1' or [role]='4') and ([trial_phase]='3' or [trial_phase]='4')",y,RH,,,,
dsmc_no,study_details,,descriptive,"<div class=""rich-text-field-label""><div class=""red"" style=""text-align: center;""> <h6 style=""text-align: center;"">An independent DSMC is required if the study is intended to provide information about effectiveness and/or safety of an intervention. Phase II and III studies require a DSMC with the exception of low risk behavioural and nutritional studies unless the study is particularly large, long term and or involves vulnerable subjects.</h6> <h6>Please<a href=""https://unimelbcloud.sharepoint.com/sites/florey/clinicalgov/SitePages/Data-Safety-Monitoring-Boards-(DSMB).aspx"" target=""_blank"" rel=""noopener""> visit this link</a> for further information.</h6> </div></div>",,,,,,,[dsmc]='0',,,,,,
name_ethics,study_details,Ethics,text,"Name of Primary Ethics Committee",,,,,,,,y,,,,,
ethics_table,study_details,,descriptive,"<div class=""rich-text-field-label""><table style=""border-collapse: collapse; width: 100%; height: 34px; border-style: hidden; float: left;"" border=""0""> <tbody> <tr style=""height: 17px;""> <td style=""width: 59.6887%; height: 34px;"" rowspan=""2"">Primary Ethics Committee approval date</td> <td style=""width: 40.1718%; height: 17px;"">{ethics}</td> </tr> <tr style=""height: 17px;""> <td style=""width: 40.1718%; height: 17px;"">{ethics_p}</td> </tr> </tbody> </table></div>",,,,,,,,,,,,,
ethics,study_details,,text,"Primary Ethics Committee approval date",,DD-MM-YYYY,date_dmy,,,,,,,,,,
ethics_p,study_details,,radio,or,"1, Pending",,,,,,"[ethics]=""""",,,,,,
letter,study_details,,file,"Please upload a copy of the original ethics letter of approval when available",,,,,,,,y,,,,,@INLINE
prem_used,study_details,"Premises Use",checkbox,"Florey premises used (check all that apply) ","1, Austin MBC clinics | 2, Austin MBC MRI | 3, Parkville clinic room | 4, Oak Street clinic room | 5, Other location (please specify)",,,,,,"[role]='2' or [role]='3'",,,,,,
other_loc,study_details,,text,"Describe location used",,,,,,,[prem_used(5)]='1',y,,,,,
prem_contract,study_details,,yesno,"Do you have a written agreement in place with The Florey to use premises?",,,,,,,[role]='3',y,RH,,,,
prem_contract_upload,study_details,,file,"Please upload a copy of the agreement",,,,,,,[prem_contract]='1',y,,,,,@INLINE
agreement_start,study_details,,text,"Agreement start date",,DD-MM-YYYY,date_dmy,,,,[role]='3',y,,,,,
agreement_end,study_details,,text,"Agreement end date",,DD-MM-YYYY,date_dmy,,,,[role]='3',y,,,,,
prem_warning,study_details,,descriptive,"<div class=""red"" style=""text-align:center;""><h6 style=""text-align:center;"">Please contact the Clinical Governance Committee to ensure appropriate documentation is in place. Email: clinical-governance@florey.edu.au</h6></div>",,,,,,,[prem_contract]='0',,,,,,
data_premises,study_details,,yesno,"<div class=""rich-text-field-label""><p>Do you intend to store participant data, samples or images on Florey premises during or beyond the end of the study? <br /><br /><em><span style=""font-weight: normal;"">If yes, please complete the Data Storage and Archive section.</span></em></p></div>",,,,,,,"[role]='3' ",y,RH,,,,
intervention_yn,study_intervention,"<h4><b><center>STUDY INTERVENTION</center></b></h4>",radio,"Does the study involve the provision of an intervention?","1, Yes | 2, No | 3, Unsure",,,,,,,y,RH,,,,
intervention_describe,study_intervention,,notes,"Brief description of the intervention",,,,,,,"[intervention_yn] = '1'",,RH,,,,
ip_y_n,study_intervention,,radio,"Does the study involve the use of an Investigational Product (IP) or Device?","1, Yes | 2, No | 3, Unsure",,,,,,,y,RH,,,,
ip_desc,study_intervention,,descriptive,"<div class=""red"" style=""text-align:center;""><h6 style=""text-align:center;"">The Investigational Product (IP) includes any product, or intervention or diagnostic being investigated, tested or used as a placebo or reference point in a clinical trial. This includes use in a different formulation or unapproved indication, or when used to gain further information about an approved use.</h6></div>",,,,,,,[ip_y_n]='3',,,,,,
ip_type,study_intervention,,notes,"Name of Investigational Product/Device (include placebo/sham)",,,,,,,[ip_y_n]='1',y,,,,,
manuf_name,study_intervention,,text,"Name of manufacturer of IP/Device",,,,,,,[ip_y_n]='1',y,,,,,
gmp_y_n,study_intervention,,radio,"Is the manufacturer GMP registered? ","1, Yes | 2, No | 3, Unsure",,,,,,[ip_y_n]='1',y,RH,,,,
gmp_desc,study_intervention,,descriptive,"<div class=""red"" style=""text-align:center;""><h6 style=""text-align:center;"">Australian based manufacturers of medicines and biologicals are required to hold a licence to manufacture.To obtain a licence, a manufacturer must demonstrate compliance with the relevant code of GMP. Overseas manufacturers of medicines supplied to Australia are also required to meet an acceptable standard of GMP. It is an offence in Australia to manufacture therapeutic goods for human use without a licence or certification unless the manufacturer is exempt from this requirement under the Therapeutic Goods Act 1989.</h6></div>",,,,,,,"[gmp_y_n]='2' or [gmp_y_n]='3'",,,,,,
tga_y_n,study_intervention,,yesno,"Is the trial intervention registered with the TGA?",,,,,,,[ip_y_n]='1',y,RH,,,,
tga_desc,study_intervention,,descriptive,"<div class=""red"" style=""text-align:center;""><h6 style=""text-align:center;"">Sponsors must be aware of the requirements to import, export, manufacture and supply 'unapproved' therapeutic goods/devices in Australia. For clinical trials, the following avenues are available:
Clinical Trial Notification (CTN) scheme. Sponsor must notify TGA of the intent to use an 'unapproved' therapeutic good prior to use. Notification is submitted online. Fee applies. 
Clinical Trial Exemption (CTX) scheme. Sponsor must submit application to the TGA if intending to use unapproved high risk or novel treatments such as class 4 biologicals. 
For details go to: https://www.tga.gov.au/sme-assist/which-clinical-trial-scheme-should-i-choose#1</h6></div>",,,,,,,[tga_y_n]='0',,,,,,
registry,study_registration,"<h4><b><center>CLINICAL STUDY REGISTRATION</center></b></h4>",yesno,"Has the clinical study been registered on a Clinical Trial Registry?",,,,,,,,y,RH,,,,
registry_name,study_registration,,text,"Name of the Registry",,,,,,,"[registry] = '1'",y,,,,,
registry_no,study_registration,,text,"Study Registration Number",,,,,,,"[registry] = '1'",y,,,,,
not_registred,study_registration,,descriptive,"<div class=""rich-text-field-label""><div class=""red"" style=""text-align: center;""> <h6 style=""text-align: center;"">The Declaration of Helsinki, now explicitly states that every clinical trial must be registered in a publicly accessible database before recruitment of the first subject. Eg.ANZCTR: <a href=""https://anzctr.org.au/"">https://anzctr.org.au/</a></h6> <h6>It is highly recommended that ALL research is registered if you are intending to publish in an International Committee of Medical Journal Editors (ICMJE) Journal.</h6> </div></div>",,,,,,,"[registry] ='0'",,,,,,
financial,study_contracts,"<h4><b><center>IP AND INSURANCE</center></b></h4>",yesno,"Does the Investigator have a financial interest in the study?",,,,,,,,y,RH,,,,
fin_int,study_contracts,,notes,"Outline the nature of the financial interest",,,,,,,[financial]='1',y,,,,,
ip_protocol,study_contracts,,notes,"<div class=""rich-text-field-label""><p>Who owns the Intellectual Property for the protocol?</p> <p><em><span style=""font-weight: normal;"">Please list ALL parties.</span></em></p></div>",,,,,,,,y,,,,,
ip_investproduct,study_contracts,,notes,"<div class=""rich-text-field-label""><p>Who owns the Intellectual Property for the Investigational Product?</p> <p><span style=""font-weight: normal;""><em>Please list ALL parties.</em></span></p></div>",,,,,,,"[study_details_arm_1][ip_y_n] = '1'",,,,,,
ip_other,study_contracts,,yesno,"Is there any other Intellectual Property that may arise from this study?",,,,,,,,y,RH,,,,
total_no_patients,study_contracts,"Site Details",text,"How many participants in total are expected to be recruited?",,,,,,,,y,,,,,
no_sites,study_contracts,,text,"How many sites are expected to be involved in Australia?",,,,,,,[study_details_arm_1][role]<>'2',y,,,,,
no_patients,study_contracts,,text,"How many participants are expected from Australia in total?",,,,,,,[study_details_arm_1][role]<>'2',y,,,,,
partsite_no_patients,study_contracts,,text,"How many participants do you expect to recruit for this (Florey) site?",,,,,,,[study_details_arm_1][role]='4',y,,,,,
country_yn,study_contracts,,yesno,"Is it proposed that the study will be conducted in countries other than Australia?",,,,,,,[study_details_arm_1][role]<>'2',y,RH,,,,
country1,study_contracts,"Country 1",text,"List country",,,,,,,[country_yn]='1',y,,,,,
c_local_sponsor1,study_contracts,,text,"Name of country Local Sponsor ",,,,,,,[country_yn]='1',y,RH,,,,
c_no_sites1,study_contracts,,text,"How many sites are involved from this country?",,,,,,,[country_yn]='1',y,,,,,
c_no_patients1,study_contracts,,text,"How many participants are expected from this country in total?",,,,,,,[country_yn]='1',y,,,,,
c_add1,study_contracts,,yesno,"Are there any other countries involved?",,,,,,,[country_yn]='1',y,RH,,,,
country2,study_contracts,"Country 2",text,"List country",,,,,,,[c_add1]='1',y,,,,,
c_local_sponsor2,study_contracts,,text,"Name of country Local Sponsor ",,,,,,,[c_add1]='1',y,RH,,,,
c_no_sites2,study_contracts,,text,"How may sites are involved from this country?",,,,,,,[c_add1]='1',y,,,,,
c_no_patients2,study_contracts,,text,"How many participants are expected from this country in total?",,,,,,,[c_add1]='1',y,,,,,
c_add2,study_contracts,,yesno,"Are there any other countries involved?",,,,,,,[c_add1]='1',y,RH,,,,
country3,study_contracts,"Country 3",text,"List country",,,,,,,[c_add2]='1',y,,,,,
c_local_sponsor3,study_contracts,,text,"Name of country Local Sponsor ",,,,,,,[c_add2]='1',y,RH,,,,
c_no_sites3,study_contracts,,text,"How may sites are involved from this country?",,,,,,,[c_add2]='1',y,,,,,
c_no_patients3,study_contracts,,text,"How many participants are expected from this country in total?",,,,,,,[c_add2]='1',y,,,,,
c_add3,study_contracts,,yesno,"Are there any other countries involved?",,,,,,,[c_add2]='1',y,RH,,,,
country4,study_contracts,"Country 4",text,"List country",,,,,,,[c_add3]='1',y,,,,,
c_local_sponsor4,study_contracts,,text,"Name of country Local Sponsor ",,,,,,,[c_add3]='1',y,RH,,,,
c_no_sites4,study_contracts,,text,"How may sites are involved from this country?",,,,,,,[c_add3]='1',y,,,,,
c_no_patients4,study_contracts,,text,"How many participants are expected from this country in total?",,,,,,,[c_add3]='1',y,,,,,
c_add4,study_contracts,,yesno,"Are there any other countries involved?",,,,,,,[c_add3]='1',y,RH,,,,
country5,study_contracts,"Country 5",text,"List country",,,,,,,[c_add4]='1',y,,,,,
c_local_sponsor5,study_contracts,,text,"Name of country Local Sponsor ",,,,,,,[c_add4]='1',y,RH,,,,
c_no_sites5,study_contracts,,text,"How may sites are involved from this country?",,,,,,,[c_add4]='1',y,,,,,
c_no_patients5,study_contracts,,text,"How many participants are expected from this country in total?",,,,,,,[c_add4]='1',y,,,,,
c_add5,study_contracts,,yesno,"Are there any other countries involved?",,,,,,,[c_add4]='1',y,RH,,,,
country6,study_contracts,"Country 6",text,"List country",,,,,,,[c_add5]='1',y,,,,,
c_local_sponsor6,study_contracts,,text,"Name of country Local Sponsor ",,,,,,,[c_add5]='1',y,RH,,,,
c_no_sites6,study_contracts,,text,"How may sites are involved from this country?",,,,,,,[c_add5]='1',y,,,,,
c_no_patients6,study_contracts,,text,"How many participants are expected from this country in total?",,,,,,,[c_add5]='1',y,,,,,
c_add6,study_contracts,,yesno,"Are there any other countries involved?",,,,,,,[c_add5]='1',y,RH,,,,
country7,study_contracts,"Country 7",text,"List country",,,,,,,[c_add6]='1',y,,,,,
c_local_sponsor7,study_contracts,,text,"Name of country Local Sponsor ",,,,,,,[c_add6]='1',y,RH,,,,
c_no_sites7,study_contracts,,text,"How may sites are involved from this country?",,,,,,,[c_add6]='1',y,,,,,
c_no_patients7,study_contracts,,text,"How many participants are expected from this country in total?",,,,,,,[c_add6]='1',y,,,,,
c_add7,study_contracts,,yesno,"Are there any other countries involved?",,,,,,,[c_add6]='1',y,RH,,,,
country8,study_contracts,"Country 8",text,"List country",,,,,,,[c_add7]='1',y,,,,,
c_local_sponsor8,study_contracts,,text,"Name of country Local Sponsor ",,,,,,,[c_add7]='1',y,RH,,,,
c_no_sites8,study_contracts,,text,"How may sites are involved from this country?",,,,,,,[c_add7]='1',y,,,,,
c_no_patients8,study_contracts,,text,"How many participants are expected from this country in total?",,,,,,,[c_add7]='1',y,,,,,
c_add8,study_contracts,,yesno,"Are there any other countries involved?",,,,,,,[c_add7]='1',y,RH,,,,
country9,study_contracts,"Country 9",text,"List country",,,,,,,[c_add8]='1',y,,,,,
c_local_sponsor9,study_contracts,,text,"Name of country Local Sponsor ",,,,,,,[c_add8]='1',y,RH,,,,
c_no_sites9,study_contracts,,text,"How may sites are involved from this country?",,,,,,,[c_add8]='1',y,,,,,
c_no_patients9,study_contracts,,text,"How many participants are expected from this country in total?",,,,,,,[c_add8]='1',y,,,,,
c_add9,study_contracts,,yesno,"Are there any other countries involved?",,,,,,,[c_add8]='1',y,RH,,,,
country10,study_contracts,"Country 10",text,"List country",,,,,,,[c_add9]='1',y,,,,,
c_local_sponsor10,study_contracts,,text,"Name of country Local Sponsor ",,,,,,,[c_add9]='1',y,RH,,,,
c_no_sites10,study_contracts,,text,"How may sites are involved from this country?",,,,,,,[c_add9]='1',y,,,,,
c_no_patients10,study_contracts,,text,"How many participants are expected from this country in total?",,,,,,,[c_add9]='1',y,,,,,
c_add10,study_contracts,,yesno,"Are there any other countries involved?",,,,,,,[c_add9]='1',y,RH,,,,
agree_past_yn,agreements,<h4><b><center>AGREEMENTS</center></b></h4>,yesno,"Are there any agreements currently in place?",,,,,,,"[current-instance] = '1'",y,RH,,,,
agree_past_n,agreements,,descriptive,"<div class=""rich-text-field-label""><div class=""red"" style=""text-align: center;""> <h6 style=""text-align: center;"">Florey Legal may need to advise you on the agreements required, prior to you starting study related work.</h6> <h6 style=""text-align: center;"">Please contact legal@Florey.edu.au for further information.</h6> </div></div>",,,,,,,"[agree_past_yn] = '0'",,,,,,
agree,agreements,,dropdown,"What type of agreement is required/in place? ","1, Non Disclosure (Confidentiality) Agreement | 2, Collaboration/MACH Agreement | 3, Funding Agreement | 4, Data Transfer Agreement | 5, Indemnity Agreement | 6, Services Agreement | 7, Clinical Trial Research Agreement (CTRA) | 8, Licensing Agreement | 9, Commercial Agreement",,,,,,"[agree_past_yn] = '1' or [current-instance]<>'1'",y,,,,,
agree_party,agreements,,text,"Name of Party",,,,,,,"[agree_past_yn] = '1' or [current-instance]<>'1'",y,,,,,
agree_table_2,agreements,,descriptive,"<div class=""rich-text-field-label""><table style=""border-collapse: collapse; width: 100%; height: 49px; border-style: hidden; float: left;"" border=""0""> <tbody> <tr style=""height: 24.5px;""> <td style=""width: 59.6887%; height: 49px;"" rowspan=""2""> <p>Date of first Florey Legal request</p> </td> <td style=""width: 40.1718%; height: 24.5px;"">{agree_review}</td> </tr> <tr style=""height: 24.5px;""> <td style=""width: 40.1718%; height: 24.5px;"">{agree_review_p}</td> </tr> </tbody> </table></div>",,,,,,,"[agree_past_yn] = '1' or [current-instance]<>'1'",,,,,,
agree_review,agreements,,text,"Date of first Florey Legal request",,DD-MM-YYYY,date_dmy,,,,"[agree_past_yn] = '1' or [current-instance]<>'1'",,,,,,
agree_review_p,agreements,,radio,or,"1, Pending",,,,,,"([agree_past_yn] = '1' or [current-instance]<>'1') and [agree_review]=""""",,,,,,
intake_number,agreements,,text,"Matter Number assigned by Legal",,,,,,,"[agree_past_yn] = '1' or [current-instance]<>'1'",,,,,,
agree_table_3,agreements,,descriptive,"<div class=""rich-text-field-label""><table style=""border-collapse: collapse; width: 100%; height: 34px; border-style: hidden; float: left;"" border=""0""> <tbody> <tr style=""height: 17px;""> <td style=""width: 59.6887%; height: 34px;"" rowspan=""2"">Date agreement fully executed</td> <td style=""width: 40.1718%; height: 17px;"">{agree_final}</td> </tr> <tr style=""height: 17px;""> <td style=""width: 40.1718%; height: 17px;"">{agree_final_p}</td> </tr> </tbody> </table></div>",,,,,,,"[agree_past_yn] = '1' or [current-instance]<>'1'",,,,,,
agree_final,agreements,,text,"Date agreement fully executed",,DD-MM-YYYY,date_dmy,,,,"[agree_past_yn] = '1' or [current-instance]<>'1'",,,,,,
agree_final_p,agreements,,radio,or,"1, Pending",,,,,,"([agree_past_yn] = '1' or [current-instance]<>'1') and [agree_final]=""""",,,,,,
agree_comments,agreements,,notes,"Comments (as required)",,,,,,,"[agree_past_yn] = '1' or [current-instance]<>'1'",,,,,,
agree_file,agreements,,file,"Upload executed copy",,,,,,,"[agree_past_yn] = '1' or [current-instance]<>'1'",y,,,,,@INLINE
agree_end_date,agreements,,text,"End date of contract",,DD-MM-YYYY,date_dmy,,,,"[agree_past_yn] = '1' or [current-instance]<>'1'",y,,,,,
agree_amend_yn,agreements,,yesno,"Is there an amendment to this agreement required/in place?",,,,,,,"[agree_past_yn] = '1' or [current-instance]<>'1'",y,RH,,,,
amend_date_table_1,agreements,"Amendment 1",descriptive,"<div class=""rich-text-field-label""><table style=""border-collapse: collapse; width: 100%; height: 34px; border-style: hidden; float: left;"" border=""0""> <tbody> <tr style=""height: 17px;""> <td style=""width: 59.6887%; height: 34px;"" rowspan=""2"">Date draft amendment sent to recipient</td> <td style=""width: 40.1718%; height: 17px;"">{agree_amend_date}</td> </tr> <tr style=""height: 17px;""> <td style=""width: 40.1718%; height: 17px;"">{agree_amend_date_p}</td> </tr> </tbody> </table></div>",,,,,,,[agree_amend_yn]='1',,,,,,
agree_amend_date,agreements,,text,"Date draft amendment sent to recipient",,DD-MM-YYYY,date_dmy,,,,,,,,,,
agree_amend_date_p,agreements,,radio,or,"1, Pending",,,,,,"[agree_amend_date]=""""",,,,,,
amend_review_table_1,agreements,,descriptive,"<div class=""rich-text-field-label""><table style=""border-collapse: collapse; width: 100%; height: 34px; border-style: hidden; float: left;"" border=""0""> <tbody> <tr style=""height: 17px;""> <td style=""width: 59.6887%; height: 34px;"" rowspan=""2"">Date of Florey Legal review</td> <td style=""width: 40.1718%; height: 17px;"">{agree_amend_review}</td> </tr> <tr style=""height: 17px;""> <td style=""width: 40.1718%; height: 17px;"">{agree_amend_review_p}</td> </tr> </tbody> </table></div>",,,,,,,[agree_amend_yn]='1',,,,,,
agree_amend_review,agreements,,text,"Date of Florey Legal review",,DD-MM-YYYY,date_dmy,,,,,,,,,,
agree_amend_review_p,agreements,,radio,or,"1, Pending",,,,,,"[agree_amend_review]=""""",,,,,,
amend_final_table_1,agreements,,descriptive,"<div class=""rich-text-field-label""><table style=""border-collapse: collapse; width: 100%; height: 34px; border-style: hidden; float: left;"" border=""0""> <tbody> <tr style=""height: 17px;""> <td style=""width: 59.6887%; height: 34px;"" rowspan=""2"">Date amendment fully executed</td> <td style=""width: 40.1718%; height: 17px;"">{agree_amend_final}</td> </tr> <tr style=""height: 17px;""> <td style=""width: 40.1718%; height: 17px;"">{agree_amend_final_p}</td> </tr> </tbody> </table></div>",,,,,,,[agree_amend_yn]='1',,,,,,
agree_amend_final,agreements,,text,"Date amendment fully executed",,DD-MM-YYYY,date_dmy,,,,,,,,,,
agree_amend_final_p,agreements,,radio,or,"1, Pending",,,,,,"[agree_amend_final]=""""",,,,,,
agree_amend_file,agreements,,file,"Upload executed copy",,,,,,,[agree_amend_yn]='1',y,,,,,@INLINE
agree_amend_end_date,agreements,,text,"End date of contract",,DD-MM-YYYY,date_dmy,,,,[agree_amend_yn]='1',y,,,,,
agree_amend_yn_2,agreements,,yesno,"Is there another amendment to this agreement required/in place?",,,,,,,[agree_amend_yn]='1',y,RH,,,,
amend_date_table_2,agreements,"Amendment 2",descriptive,"<div class=""rich-text-field-label""><table style=""border-collapse: collapse; width: 100%; height: 34px; border-style: hidden; float: left;"" border=""0""> <tbody> <tr style=""height: 17px;""> <td style=""width: 59.6887%; height: 34px;"" rowspan=""2"">Date draft amendment sent to recipient</td> <td style=""width: 40.1718%; height: 17px;"">{agree_amend_date_2}</td> </tr> <tr style=""height: 17px;""> <td style=""width: 40.1718%; height: 17px;"">{agree_amend_date_p_2}</td> </tr> </tbody> </table></div>",,,,,,,[agree_amend_yn_2]='1',,,,,,
agree_amend_date_2,agreements,,text,"Date draft amendment sent to recipient",,DD-MM-YYYY,date_dmy,,,,,,,,,,
agree_amend_date_p_2,agreements,,radio,or,"1, Pending",,,,,,"[agree_amend_date_2]=""""",,,,,,
amend_review_table_2,agreements,,descriptive,"<div class=""rich-text-field-label""><table style=""border-collapse: collapse; width: 100%; height: 34px; border-style: hidden; float: left;"" border=""0""> <tbody> <tr style=""height: 17px;""> <td style=""width: 59.6887%; height: 34px;"" rowspan=""2"">Date of Florey Legal review</td> <td style=""width: 40.1718%; height: 17px;"">{agree_amend_review_2}</td> </tr> <tr style=""height: 17px;""> <td style=""width: 40.1718%; height: 17px;"">{agree_amend_review_p_2}</td> </tr> </tbody> </table></div>",,,,,,,[agree_amend_yn_2]='1',,,,,,
agree_amend_review_2,agreements,,text,"Date of Florey Legal review",,DD-MM-YYYY,date_dmy,,,,,,,,,,
agree_amend_review_p_2,agreements,,radio,or,"1, Pending",,,,,,"[agree_amend_review_2]=""""",,,,,,
amend_final_table_2,agreements,,descriptive,"<div class=""rich-text-field-label""><table style=""border-collapse: collapse; width: 100%; height: 34px; border-style: hidden; float: left;"" border=""0""> <tbody> <tr style=""height: 17px;""> <td style=""width: 59.6887%; height: 34px;"" rowspan=""2"">Date amendment fully executed</td> <td style=""width: 40.1718%; height: 17px;"">{agree_amend_final_2}</td> </tr> <tr style=""height: 17px;""> <td style=""width: 40.1718%; height: 17px;"">{agree_amend_final_p_2}</td> </tr> </tbody> </table></div>",,,,,,,[agree_amend_yn_2]='1',,,,,,
agree_amend_final_2,agreements,,text,"Date amendment fully executed",,DD-MM-YYYY,date_dmy,,,,,,,,,,
agree_amend_final_p_2,agreements,,radio,or,"1, Pending",,,,,,"[agree_amend_final_2]=""""",,,,,,
agree_amend_file_2,agreements,,file,"Upload executed copy",,,,,,,[agree_amend_yn_2]='1',y,,,,,@INLINE
agree_amend_end_date_2,agreements,,text,"End date of contract",,DD-MM-YYYY,date_dmy,,,,[agree_amend_yn_2]='1',y,,,,,
agree_amend_yn_3,agreements,,yesno,"Is there another amendment to this agreement required/in place?",,,,,,,[agree_amend_yn_2]='1',y,RH,,,,
amend_date_table_3,agreements,"Amendment 3",descriptive,"<div class=""rich-text-field-label""><table style=""border-collapse: collapse; width: 100%; height: 34px; border-style: hidden; float: left;"" border=""0""> <tbody> <tr style=""height: 17px;""> <td style=""width: 59.6887%; height: 34px;"" rowspan=""2"">Date draft amendment sent to recipient</td> <td style=""width: 40.1718%; height: 17px;"">{agree_amend_date_3}</td> </tr> <tr style=""height: 17px;""> <td style=""width: 40.1718%; height: 17px;"">{agree_amend_date_p_3}</td> </tr> </tbody> </table></div>",,,,,,,[agree_amend_yn_3]='1',,,,,,
agree_amend_date_3,agreements,,text,"Date draft amendment sent to recipient",,DD-MM-YYYY,date_dmy,,,,,,,,,,
agree_amend_date_p_3,agreements,,radio,or,"1, Pending",,,,,,"[agree_amend_date_3]=""""",,,,,,
amend_review_table_3,agreements,,descriptive,"<div class=""rich-text-field-label""><table style=""border-collapse: collapse; width: 100%; height: 34px; border-style: hidden; float: left;"" border=""0""> <tbody> <tr style=""height: 17px;""> <td style=""width: 59.6887%; height: 34px;"" rowspan=""2"">Date of Florey Legal review</td> <td style=""width: 40.1718%; height: 17px;"">{agree_amend_review_3}</td> </tr> <tr style=""height: 17px;""> <td style=""width: 40.1718%; height: 17px;"">{agree_amend_review_p_3}</td> </tr> </tbody> </table></div>",,,,,,,[agree_amend_yn_3]='1',,,,,,
agree_amend_review_3,agreements,,text,"Date of Florey Legal review",,DD-MM-YYYY,date_dmy,,,,,,,,,,
agree_amend_review_p_3,agreements,,radio,or,"1, Pending",,,,,,"[agree_amend_review_3]=""""",,,,,,
amend_final_table_3,agreements,,descriptive,"<div class=""rich-text-field-label""><table style=""border-collapse: collapse; width: 100%; height: 34px; border-style: hidden; float: left;"" border=""0""> <tbody> <tr style=""height: 17px;""> <td style=""width: 59.6887%; height: 34px;"" rowspan=""2"">Date amendment fully executed</td> <td style=""width: 40.1718%; height: 17px;"">{agree_amend_final_3}</td> </tr> <tr style=""height: 17px;""> <td style=""width: 40.1718%; height: 17px;"">{agree_amend_final_p_3}</td> </tr> </tbody> </table></div>",,,,,,,[agree_amend_yn_3]='1',,,,,,
agree_amend_final_3,agreements,,text,"Date amendment fully executed",,DD-MM-YYYY,date_dmy,,,,,,,,,,
agree_amend_final_p_3,agreements,,radio,or,"1, Pending",,,,,,"[agree_amend_final_3]=""""",,,,,,
agree_amend_file_3,agreements,,file,"Upload executed copy",,,,,,,[agree_amend_yn_3]='1',y,,,,,@INLINE
agree_amend_end_date_3,agreements,,text,"End date of contract",,DD-MM-YYYY,date_dmy,,,,[agree_amend_yn_3]='1',y,,,,,
agree_amend_yn_4,agreements,,yesno,"Is there another amendment to this agreement required/in place?",,,,,,,[agree_amend_yn_3]='1',y,RH,,,,
amend_date_table_4,agreements,"Amendment 4",descriptive,"<div class=""rich-text-field-label""><table style=""border-collapse: collapse; width: 100%; height: 34px; border-style: hidden; float: left;"" border=""0""> <tbody> <tr style=""height: 17px;""> <td style=""width: 59.6887%; height: 34px;"" rowspan=""2"">Date draft amendment sent to recipient</td> <td style=""width: 40.1718%; height: 17px;"">{agree_amend_date_4}</td> </tr> <tr style=""height: 17px;""> <td style=""width: 40.1718%; height: 17px;"">{agree_amend_date_p_4}</td> </tr> </tbody> </table></div>",,,,,,,[agree_amend_yn_4]='1',,,,,,
agree_amend_date_4,agreements,,text,"Date draft amendment sent to recipient",,DD-MM-YYYY,date_dmy,,,,,,,,,,
agree_amend_date_p_4,agreements,,radio,or,"1, Pending",,,,,,"[agree_amend_date_4]=""""",,,,,,
amend_review_table_4,agreements,,descriptive,"<div class=""rich-text-field-label""><table style=""border-collapse: collapse; width: 100%; height: 34px; border-style: hidden; float: left;"" border=""0""> <tbody> <tr style=""height: 17px;""> <td style=""width: 59.6887%; height: 34px;"" rowspan=""2"">Date of Florey Legal review</td> <td style=""width: 40.1718%; height: 17px;"">{agree_amend_review_4}</td> </tr> <tr style=""height: 17px;""> <td style=""width: 40.1718%; height: 17px;"">{agree_amend_review_p_4}</td> </tr> </tbody> </table></div>",,,,,,,[agree_amend_yn_4]='1',,,,,,
agree_amend_review_4,agreements,,text,"Date of Florey Legal review",,DD-MM-YYYY,date_dmy,,,,,,,,,,
agree_amend_review_p_4,agreements,,radio,or,"1, Pending",,,,,,"[agree_amend_review_4]=""""",,,,,,
amend_final_table_4,agreements,,descriptive,"<div class=""rich-text-field-label""><table style=""border-collapse: collapse; width: 100%; height: 34px; border-style: hidden; float: left;"" border=""0""> <tbody> <tr style=""height: 17px;""> <td style=""width: 59.6887%; height: 34px;"" rowspan=""2"">Date amendment fully executed</td> <td style=""width: 40.1718%; height: 17px;"">{agree_amend_final_4}</td> </tr> <tr style=""height: 17px;""> <td style=""width: 40.1718%; height: 17px;"">{agree_amend_final_p_4}</td> </tr> </tbody> </table></div>",,,,,,,[agree_amend_yn_4]='1',,,,,,
agree_amend_final_4,agreements,,text,"Date amendment fully executed",,DD-MM-YYYY,date_dmy,,,,,,,,,,
agree_amend_final_p_4,agreements,,radio,or,"1, Pending",,,,,,"[agree_amend_final_4]=""""",,,,,,
agree_amend_file_4,agreements,,file,"Upload executed copy",,,,,,,[agree_amend_yn_4]='1',y,,,,,@INLINE
agree_amend_end_date_4,agreements,,text,"End date of contract",,DD-MM-YYYY,date_dmy,,,,[agree_amend_yn_4]='1',y,,,,,
agree_amend_yn_5,agreements,,yesno,"Is there another amendment to this agreement required/in place?",,,,,,,[agree_amend_yn_4]='1',y,RH,,,,
amend_date_table_5,agreements,"Amendment 5",descriptive,"<div class=""rich-text-field-label""><table style=""border-collapse: collapse; width: 100%; height: 34px; border-style: hidden; float: left;"" border=""0""> <tbody> <tr style=""height: 17px;""> <td style=""width: 59.6887%; height: 34px;"" rowspan=""2"">Date draft amendment sent to recipient</td> <td style=""width: 40.1718%; height: 17px;"">{agree_amend_date_5}</td> </tr> <tr style=""height: 17px;""> <td style=""width: 40.1718%; height: 17px;"">{agree_amend_date_p_5}</td> </tr> </tbody> </table></div>",,,,,,,[agree_amend_yn_5]='1',,,,,,
agree_amend_date_5,agreements,,text,"Date draft amendment sent to recipient",,DD-MM-YYYY,date_dmy,,,,,,,,,,
agree_amend_date_p_5,agreements,,radio,or,"1, Pending",,,,,,"[agree_amend_date_5]=""""",,,,,,
amend_review_table_5,agreements,,descriptive,"<div class=""rich-text-field-label""><table style=""border-collapse: collapse; width: 100%; height: 34px; border-style: hidden; float: left;"" border=""0""> <tbody> <tr style=""height: 17px;""> <td style=""width: 59.6887%; height: 34px;"" rowspan=""2"">Date of Florey Legal review</td> <td style=""width: 40.1718%; height: 17px;"">{agree_amend_review_5}</td> </tr> <tr style=""height: 17px;""> <td style=""width: 40.1718%; height: 17px;"">{agree_amend_review_p_5}</td> </tr> </tbody> </table></div>",,,,,,,[agree_amend_yn_5]='1',,,,,,
agree_amend_review_5,agreements,,text,"Date of Florey Legal review",,DD-MM-YYYY,date_dmy,,,,,,,,,,
agree_amend_review_p_5,agreements,,radio,or,"1, Pending",,,,,,"[agree_amend_review_5]=""""",,,,,,
amend_final_table_5,agreements,,descriptive,"<div class=""rich-text-field-label""><table style=""border-collapse: collapse; width: 100%; height: 34px; border-style: hidden; float: left;"" border=""0""> <tbody> <tr style=""height: 17px;""> <td style=""width: 59.6887%; height: 34px;"" rowspan=""2"">Date amendment fully executed</td> <td style=""width: 40.1718%; height: 17px;"">{agree_amend_final_5}</td> </tr> <tr style=""height: 17px;""> <td style=""width: 40.1718%; height: 17px;"">{agree_amend_final_p_5}</td> </tr> </tbody> </table></div>",,,,,,,[agree_amend_yn_5]='1',,,,,,
agree_amend_final_5,agreements,,text,"Date amendment fully executed",,DD-MM-YYYY,date_dmy,,,,,,,,,,
agree_amend_final_p_5,agreements,,radio,or,"1, Pending",,,,,,"[agree_amend_final_5]=""""",,,,,,
agree_amend_file_5,agreements,,file,"Upload executed copy",,,,,,,[agree_amend_yn_5]='1',y,,,,,@INLINE
agree_amend_end_date_5,agreements,,text,"End date of contract",,DD-MM-YYYY,date_dmy,,,,[agree_amend_yn_5]='1',y,,,,,
agreements_instructions,agreements,,descriptive,"<div class=""rich-text-field-label""><p style=""border: 2px solid grey; padding: 2px; text-align: center;""><span style=""display: block; border: 1px solid red; padding: 10px; font- size: 125%; font-style: italic; font-weight: normal;"">To add another agreement, select the dropdown box from 'current instance' above and select 'Add New'. </span></p></div>",,,,,,,"[agree_past_yn] = '1' or [current-instance]<>'1'",,,,,,
data_types,data_storage_and_archive,"<h4><b><center>DATA STORAGE AND ARCHIVE</center></b></h4>",checkbox,"What type(s) of data are you collecting?","1, Information data (e.g. patient list, numeric or text results) | 2, Biological samples | 3, Images | 4, Other",,,,,,,y,,,,,
data_types_other,data_storage_and_archive,,text,"If other, please specify",,,,,,,"[data_types(4)] = '1'",y,,,,,
info_data_what,data_storage_and_archive,"<h4><b><center>INFORMATION DATA</center></b></h4>",notes,"<div class=""rich-text-field-label""><p>What type of information data is being stored?</p> <p><em><span style=""font-weight: normal;"">e.g. patient list, numeric or text results</span></em></p></div>",,,,,,,"[data_types(1)] = '1'",y,,,,,
info_data_pers,data_storage_and_archive,,yesno,"<div class=""rich-text-field-label""><p>Does any of the data contain personal (identifiable) information?<br /><br /><em><span style=""font-weight: normal;"">Personal information contains details about an identified individual or one who is reasonably identifiable, such as name, phone number, and address.</span></em><br /><br /><em><span style=""font-weight: normal;"">This applies to participants, staff, volunteers, among others.</span></em></p></div>",,,,,,,"[data_types(1)] = '1'",y,RH,,,,
info_data_pers_consent,data_storage_and_archive,,descriptive,"<div class=""rich-text-field-label""><div class=""red"" style=""text-align: center;""> <h6 style=""text-align: center;"">If you are storing personal information, you should have specific consent from the individual for it to be held in your data base. The European Union General Data Protection Regulation (GDPR) stipulates this as an absolute requirement and a breach is subject to considerable fines.</h6> <h6 style=""text-align: center;"">For more information go to: bit.ly/2WWk6yJ</h6> </div></div>",,,,,,,"[info_data_pers] = '1'",,,,,,
info_data_pers_ethics,data_storage_and_archive,,yesno,"Do you have ethics approval to hold this personal (identifiable) information?",,,,,,,"[info_data_pers] = '1'",y,RH,,,,
info_data_pers_ethics_warn,data_storage_and_archive,,descriptive,"<div class=""red"" style=""text-align:center;""><h6 style=""text-align:center;"">If you are holding any personal information for patients/participants you must have specific ethics approval for the collection and storage of personal information.</h6></div>",,,,,,,"[info_data_pers_ethics] = '0'",,,,,,
info_data_dbase,data_storage_and_archive,,checkbox,"What data base(s) are you using to store the data?","1, REDCap | 2, Excel | 3, Access | 4, Other",,,,,,"[data_types(1)] = '1'",y,,,,,
info_data_dbase_other,data_storage_and_archive,,text,"If other, please specify",,,,,,,"[info_data_dbase(4)] = '1'",y,,,,,
redcap_des,data_storage_and_archive,,descriptive,"<div class=""rich-text-field-label""><div class=""green"" style=""text-align: center;""> <h6 style=""text-align: center;"">The Florey have a REDCap platform with existing expertise in the building and maintenance of clinical study data bases from small to very large complex designs. <br /><br />If you would like to know more about the possibility of using REDCap through the Florey platform, <br />please contact <a href=""mailto:redcap-admin@florey.edu.au"" target=""_blank"" rel=""noopener"">redcap-admin@florey.edu.au</a> for further information.</h6> </div></div>",,,,,,,"[info_data_dbase(1)] <> '1'",,,,,,
info_data_premises,data_storage_and_archive,,yesno,"<div class=""rich-text-field-label""><p>Do you intend to store the data on Florey servers/premises?</p></div>",,,,,,,"[data_types(1)] = '1'",y,RH,,,,
info_data_premises_where,data_storage_and_archive,,notes,"<div class=""rich-text-field-label""><p>Where will this data be physically located?</p></div>",,,,,,,"[info_data_premises] = '1'",y,,,,,
info_data_date_remove,data_storage_and_archive,,text,"Approximate date the data will be removed from Florey premises",,DD-MM-YYYY,date_dmy,,,,"[info_data_premises] = '1'",y,,,,,
info_data_third,data_storage_and_archive,,yesno,"Do you intend to store the data with a third party?",,,,,,,"[data_types(1)] = '1'",y,RH,,,,
info_data_third_name,data_storage_and_archive,,text,"What is the name of the third party?",,,,,,,"[info_data_third] ='1'",y,,,,,
info_data_third_where,data_storage_and_archive,,notes,"<div class=""rich-text-field-label""><p>What is the address where the data will be physically stored?</p></div>",,,,,,,"[info_data_third] = '1'",y,,,,,
info_data_third_agree,data_storage_and_archive,,yesno,"Is there a services agreement in place with the third party?",,,,,,,"[info_data_third] = '1'",y,RH,,,,
info_data_third_agree_warn,data_storage_and_archive,,descriptive,"<div class=""rich-text-field-label""><div class=""red"" style=""text-align: center;""> <h6 style=""text-align: center;"">You must have an agreement in place prior to data being sent to the third party. Please check with <a href=""mailto:legal@florey.edu.au"" target=""_blank"" rel=""noopener"">legal@florey.edu.au</a> for further information.</h6> </div></div>",,,,,,,"[info_data_third_agree] = '0'",,,,,,
info_data_date_destroy,data_storage_and_archive,,text,"Date after which stored data can be securely destroyed",,DD-MM-YYYY,date_dmy,,,,"[data_types(1)] = '1'",y,,,,,
samples_what,data_storage_and_archive,"<h4><b><center>BIOLOGICAL SAMPLES </center></b></h4>",notes,"<div class=""rich-text-field-label""><p>What type of biological samples are being stored?</p> <p><em><span style=""font-weight: normal;"">e.g. participant tissue or genetic samples</span></em></p></div>",,,,,,,"[data_types(2)] = '1'",y,,,,,
samples_pers,data_storage_and_archive,,yesno,"<div class=""rich-text-field-label""><p>Are any of the samples connected with personal (identifiable) information?<br /><br /><em><span style=""font-weight: normal;"">Personal information contains details about an identified individual or one who is reasonably identifiable, such as name, phone number, and address.</span></em></p></div>",,,,,,,"[data_types(2)] = '1'",y,RH,,,,
samples_pers_consent,data_storage_and_archive,,descriptive,"<div class=""rich-text-field-label""><div class=""red"" style=""text-align: center;""> <h6 style=""text-align: center;"">If you are storing personal information, you should have specific consent from the individual for it to be held in your data base. The European Union General Data Protection Regulation (GDPR) stipulates this as an absolute requirement and a breach is subject to considerable fines.</h6> <h6 style=""text-align: center;"">For more information go to: bit.ly/2WWk6yJ</h6> </div></div>",,,,,,,"[samples_pers] = '1'",,,,,,
samples_pers_ethics,data_storage_and_archive,,yesno,"Do you have ethics approval to hold this personal (identifiable) information?",,,,,,,"[samples_pers] = '1'",y,RH,,,,
samples_pers_ethics_warn,data_storage_and_archive,,descriptive,"<div class=""red"" style=""text-align:center;""><h6 style=""text-align:center;"">If you are holding any personal information for patients/participants you must have specific ethics approval for the collection and storage of personal information.</h6></div>",,,,,,,"[samples_pers_ethics] = '0'",,,,,,
samples_premises,data_storage_and_archive,,yesno,"<div class=""rich-text-field-label""><p>Do you intend to store the samples on Florey premises?</p></div>",,,,,,,"[data_types(2)] = '1'",y,RH,,,,
samples_premises_where,data_storage_and_archive,,notes,"<div class=""rich-text-field-label""><p>Where will these samples be physically stored?</p> <p><em><span style=""font-weight: normal;"">Please list addresses of ALL storage locations used and include: street address, building, level, room, freezer number etc</span></em></p></div>",,,,,,,[samples_premises]='1',y,,,,,
samples_date_remove,data_storage_and_archive,,text,"Approximate date the samples will be removed from Florey premises",,DD-MM-YYYY,date_dmy,,,,"[samples_premises] = '1'",y,,,,,
samples_third,data_storage_and_archive,,yesno,"Do you intend to store the samples with a third party?",,,,,,,"[data_types(2)] = '1'",y,RH,,,,
samples_third_name,data_storage_and_archive,,text,"What is the name of the third party?",,,,,,,"[samples_third] ='1'",y,,,,,
samples_third_where,data_storage_and_archive,,notes,"<div class=""rich-text-field-label""><p>What is the address where the samples will be physically stored?</p></div>",,,,,,,"[samples_third] = '1'",y,,,,,
samples_third_agree,data_storage_and_archive,,yesno,"Is there a services agreement in place with the third party?",,,,,,,"[samples_third] = '1'",y,RH,,,,
samples_third_agree_warn,data_storage_and_archive,,descriptive,"<div class=""rich-text-field-label""><div class=""red"" style=""text-align: center;""> <h6 style=""text-align: center;"">You must have an agreement in place prior to samples being sent to the third party. Please check with <a href=""mailto:legal@florey.edu.au"" target=""_blank"" rel=""noopener"">legal@florey.edu.au</a> for further information.</h6> </div></div>",,,,,,,"[samples_third_agree] = '0'",,,,,,
samples_date_destroy,data_storage_and_archive,,text,"Date after which the samples can be securely destroyed",,DD-MM-YYYY,date_dmy,,,,"[data_types(2)] = '1'",y,,,,,
images_what,data_storage_and_archive,<h4><b><center>IMAGES</center></b></h4>,notes,"<div class=""rich-text-field-label""><p>What type of images are being stored?</p> <p><em><span style=""font-weight: normal;"">e.g. MRIs, PET scans</span></em></p></div>",,,,,,,"[data_types(3)] = '1'",y,,,,,
images_pers,data_storage_and_archive,,yesno,"<div class=""rich-text-field-label""><p>Are any of the images connected with personal (identifiable) information?<br /><br /><em><span style=""font-weight: normal;"">Personal information contains details about an identified individual or one who is reasonably identifiable, such as name, phone number, and address.</span></em></p></div>",,,,,,,"[data_types(3)] = '1'",y,RH,,,,
images_pers_consent,data_storage_and_archive,,descriptive,"<div class=""rich-text-field-label""><div class=""red"" style=""text-align: center;""> <h6 style=""text-align: center;"">If you are storing personal information, you should have specific consent from the individual for it to be held in your data base. The European Union General Data Protection Regulation (GDPR) stipulates this as an absolute requirement and a breach is subject to considerable fines.</h6> <h6 style=""text-align: center;"">For more information go to: bit.ly/2WWk6yJ</h6> </div></div>",,,,,,,"[images_pers] = '1'",,,,,,
images_pers_ethics,data_storage_and_archive,,yesno,"Do you have ethics approval to hold this personal (identifiable) information?",,,,,,,"[images_pers] = '1'",y,RH,,,,
images_pers_ethics_warn,data_storage_and_archive,,descriptive,"<div class=""red"" style=""text-align:center;""><h6 style=""text-align:center;"">If you are holding any personal information for patients/participants you must have specific ethics approval for the collection and storage of personal information.</h6></div>",,,,,,,"[images_pers_ethics] = '0'",,,,,,
images_premises,data_storage_and_archive,,yesno,"<div class=""rich-text-field-label""><p>Do you intend to store the images on Florey servers/premises?</p></div>",,,,,,,"[data_types(3)] = '1'",y,RH,,,,
images_premises_where,data_storage_and_archive,,notes,"<div class=""rich-text-field-label""><p>Where will these images be physically stored?</p> <p><em><span style=""font-weight: normal;"">Please list addresses of ALL storage locations used and include: street address, building, level, room, freezer number etc</span></em></p></div>",,,,,,,[images_premises]='1',y,,,,,
images_date_remove,data_storage_and_archive,,text,"Approximate date the images will be removed from Florey premises",,DD-MM-YYYY,date_dmy,,,,"[images_premises] = '1'",y,,,,,
images_third,data_storage_and_archive,,yesno,"Do you intend to store the images with a third party?",,,,,,,"[data_types(3)] = '1'",y,RH,,,,
images_third_name,data_storage_and_archive,,text,"What is the name of the third party?",,,,,,,"[images_third] ='1'",y,,,,,
images_third_where,data_storage_and_archive,,notes,"<div class=""rich-text-field-label""><p>What is the address where the images will be physically stored?</p></div>",,,,,,,"[images_third] = '1'",y,,,,,
images_third_agree,data_storage_and_archive,,yesno,"Is there a services agreement in place with the third party?",,,,,,,"[images_third] = '1'",y,RH,,,,
images_third_agree_warn,data_storage_and_archive,,descriptive,"<div class=""rich-text-field-label""><div class=""red"" style=""text-align: center;""> <h6 style=""text-align: center;"">You must have an agreement in place prior to images being sent to the third party. Please check with <a href=""mailto:legal@florey.edu.au"" target=""_blank"" rel=""noopener"">legal@florey.edu.au</a> for further information.</h6> </div></div>",,,,,,,"[images_third_agree] = '0'",,,,,,
images_date_destroy,data_storage_and_archive,,text,"Date after which the images can be securely destroyed",,DD-MM-YYYY,date_dmy,,,,"[data_types(3)] = '1'",y,,,,,
data_contacts,data_storage_and_archive,"<h4><b><center>CONTACTS </center></b></h4>",descriptive,"<div class=""rich-text-field-label""><table style=""border-collapse: collapse; width: 100%; border-style: hidden; height: 86px;"" border=""0""> <tbody> <tr style=""height: 18px;""> <td style=""height: 86px; width: 66.9024%;"" rowspan=""6"">In additional to the Principal Investigator, please confirm which of the following contacts is responsible for the ongoing storage of the data base(s), samples, images, etc.</td> <td style=""width: 33.0859%; height: 18px;"">{hidden_contact_1}</td> </tr> <tr style=""height: 17px;""> <td style=""width: 33.0859%; height: 17px;"">{hidden_contact_2}</td> </tr> <tr style=""height: 17px;""> <td style=""width: 33.0859%; height: 17px;"">{hidden_contact_3}</td> </tr> <tr style=""height: 17px;""> <td style=""width: 33.0859%; height: 17px;"">{hidden_contact_4}</td> </tr> <tr style=""height: 17px;""> <td style=""width: 33.0859%; height: 17px;"">{hidden_contact_5}</td> </tr> <tr> <td style=""width: 33.0859%;"">{hidden_contact_other}</td> </tr> </tbody> </table> <p> </p></div>",,,,,,,,,,,,,
hidden_contact_1,data_storage_and_archive,,checkbox,"Contact 1","1, [study_details_arm_1][contact_name_1]",,,,,,[study_details_arm_1][contact_status_1]='1',,,,,,
hidden_contact_2,data_storage_and_archive,,checkbox,"Contact 2","1, [study_details_arm_1][contact_name_2]",,,,,,[study_details_arm_1][contact_status_2]='1',,,,,,
hidden_contact_3,data_storage_and_archive,,checkbox,"Contact 3","1, [study_details_arm_1][contact_name_3]",,,,,,[study_details_arm_1][contact_status_3]='1',,,,,,
hidden_contact_4,data_storage_and_archive,,checkbox,"Contact 4","1, [study_details_arm_1][contact_name_4]",,,,,,[study_details_arm_1][contact_status_4]='1',,,,,,
hidden_contact_5,data_storage_and_archive,,checkbox,"Contact 5","1, [study_details_arm_1][contact_name_5]",,,,,,[study_details_arm_1][contact_status_5]='1',,,,,,
hidden_contact_other,data_storage_and_archive,,checkbox,"Other contact","1, Someone else not mentioned here",,,,,,,,,,,,
additional_contacts_2,data_storage_and_archive,,descriptive,"<div class=""rich-text-field-label""><table style=""border-collapse: collapse; width: 100.995%; height: 236px; border-color: #000000; border-style: solid;"" border=""0""> <tbody> <tr style=""height: 66px;""> <td style=""text-align: center; height: 66px; width: 57.7149%;"" colspan=""3""> <p style=""text-align: left;"">Additional contacts</p> <p style=""text-align: left;""><span style=""font-weight: normal; color: #000000;"">*Please provide at least one</span></p> </td> </tr> <tr style=""height: 17px; border-color: #ced4d9; border-style: ridge;""> <td style=""height: 34px; width: 10.6104%; border-color: #000000; border-style: none;"">Contact 1<span style=""font-weight: normal;"">*</span></td> <td style=""width: 20.6908%; height: 34px; border-style: none;""> <p><span style=""font-weight: normal;"">Name: {contact_name_6}</span></p> <p><span style=""font-weight: normal;"">Role: {contact_role_6}</span></p> <p><span style=""font-weight: normal;"">{contact_status_6}</span></p> </td> <td style=""width: 26.4137%; height: 34px; border-style: none;""> <p><span style=""font-weight: normal;"">Email: {contact_email_6}</span></p> <p><span style=""font-weight: normal;"">Phone: {contact_phone_6}</span></p> <p> </p> </td> </tr> <tr style=""height: 17px; border-color: #ced4d9; border-style: ridge;""> <td style=""height: 34px; width: 10.6104%; border-color: #000000; border-style: none;"">Contact 2</td> <td style=""width: 20.6908%; height: 34px; border-style: none;""> <p><span style=""font-weight: normal;"">Name: {contact_name_7}</span></p> <p><span style=""font-weight: normal;"">Role: {contact_role_7}</span></p> <p><span style=""font-weight: normal;"">{contact_status_7}</span></p> </td> <td style=""width: 26.4137%; height: 34px; border-style: none;""> <p><span style=""font-weight: normal;"">Email: {contact_email_7}</span></p> <p><span style=""font-weight: normal;"">Phone: {contact_phone_7}</span></p> <p> </p> </td> </tr> </tbody> </table></div>",,,,,,,[hidden_contact_other(1)]='1',,,,,,
contact_name_6,data_storage_and_archive,,text,"Name of additional study contact",,,,,,,,y,,,,,
contact_email_6,data_storage_and_archive,,text,"Email address of additional study contact",,,email,,,,,y,,,,,
contact_phone_6,data_storage_and_archive,,text,"Contact number of additional study contact",,,,,,,,y,,,,,
contact_role_6,data_storage_and_archive,,text,"Role of additional study contact?",,,,,,,,y,RH,,,,
contact_status_6,data_storage_and_archive,,radio,"Is this contact still active?","1, Active contact | 0, Inactive",,,,,,,y,RH,,,,
contact_name_7,data_storage_and_archive,,text,"Name of additional study contact",,,,,,,,,,,,,
contact_email_7,data_storage_and_archive,,text,"Email address of additional study contact",,,email,,,,,,,,,,
contact_phone_7,data_storage_and_archive,,text,"Contact number of additional study contact",,,,,,,,,,,,,
contact_role_7,data_storage_and_archive,,text,"Role of additional study contact?",,,,,,,,y,RH,,,,
contact_status_7,data_storage_and_archive,,radio,"Is this contact still active?","1, Active contact | 0, Inactive",,,,,,,,RH,,,,
data_contact_warning,data_storage_and_archive,,descriptive,"<div class=""red"" style=""text-align:center;""><h6 style=""text-align:center;"">You must list at least one active contact</h6></div>",,,,,,,"[hidden_contact_1(1)]<>'1' and [hidden_contact_2(1)]<>'1' and [hidden_contact_3(1)]<>'1' and [hidden_contact_4(1)]<>'1' and [hidden_contact_5(1)]<>'1' and [contact_status_6]<>'1' and [contact_status_7]<>'1'",,,,,,
cgc_role,cgc_review,"<h4><b><center>Mapping Meeting / Preliminary Approval</center></b></h4>",yesno,"Confirmation of Florey role in the study?",,,,,,,,,RH,,,,
cgc_participants,cgc_review,,yesno,"Confirmation of where participants are sourced from?",,,,,,,,,RH,,,,
cgc_affiliation,cgc_review,,yesno,"PI has Florey Affiliation?",,,,,,,,,RH,,,,
staff_affiliations,cgc_review,,yesno,"All individuals involved in the study have a formal relationship with the Florey or an agreed partner?",,,,,,,,,RH,,,,
cgc_coi,cgc_review,,yesno,"Conflicts of interest declared?",,,,,,,,,RH,,,,
cgc_ethics,cgc_review,,radio,"Ethics approval of study?","1, Yes | 0, No | 2, Pending",,,,,,,,,,,,
cgc_scope,cgc_review,,radio,"Scope of study","1, Single site | 2, Multisite, Australia | 3, Multisite, International",,,,,,,,,,,,
cgc_funding,cgc_review,,yesno,"Confirmation of funding source?",,,,,,,,,RH,,,,
cgc_risk,cgc_review,,yesno,"Risk assessment form complete?",,,,,,,,,RH,,,,
cgc_insurance,cgc_review,,radio,"Relevant insurance in place?","1, Yes | 0, No | 2, Under negotiation",,,,,,,,,,,,
cgc_dsmc,cgc_review,,radio,"Data Safety Monitoring process in place? (if required)","1, Yes | 2, No | 3, Not required | 4, Pending",,,,,,[role]<>'0',,,,,,
cgc_data,cgc_review,,yesno,"Data to be held at Florey?",,,,,,,,,RH,,,,
cgc_capacity,cgc_review,,yesno,"Florey have capacity to support the project?",,,,,,,,,RH,,,,
cgc_agreement_table,cgc_review,,descriptive,"<div class=""rich-text-field-label""><p>Recommended agreements:</p> <table style=""border-collapse: collapse; width: 71.8118%; height: 248.611px;"" border=""1""> <tbody> <tr style=""height: 24.8611px;""> <td style=""width: 61.4292%; height: 24.8611px;""> </td> <td style=""width: 19.8019%; text-align: center; height: 24.8611px;"">In Place</td> <td style=""width: 18.7934%; text-align: center; height: 24.8611px;"">Needed</td> </tr> <tr style=""height: 24.8611px;""> <td style=""width: 61.4292%; height: 24.8611px;"">Non-Disclosure (Confidentiality) Agreement</td> <td style=""width: 19.8019%; height: 24.8611px;""> </td> <td style=""width: 18.7934%; height: 24.8611px;""> </td> </tr> <tr style=""height: 24.8611px;""> <td style=""width: 61.4292%; height: 24.8611px;"">Collaboration/MACH Agreement</td> <td style=""width: 19.8019%; height: 24.8611px;""> </td> <td style=""width: 18.7934%; height: 24.8611px;""> </td> </tr> <tr style=""height: 24.8611px;""> <td style=""width: 61.4292%; height: 24.8611px;"">Funding Agreement</td> <td style=""width: 19.8019%; height: 24.8611px;""> </td> <td style=""width: 18.7934%; height: 24.8611px;""> </td> </tr> <tr style=""height: 24.8611px;""> <td style=""width: 61.4292%; height: 24.8611px;"">Data Transfer Agreement</td> <td style=""width: 19.8019%; height: 24.8611px;""> </td> <td style=""width: 18.7934%; height: 24.8611px;""> </td> </tr> <tr style=""height: 24.8611px;""> <td style=""width: 61.4292%; height: 24.8611px;"">Indemnity Agreement</td> <td style=""width: 19.8019%; height: 24.8611px;""> </td> <td style=""width: 18.7934%; height: 24.8611px;""> </td> </tr> <tr style=""height: 24.8611px;""> <td style=""width: 61.4292%; height: 24.8611px;"">Services Agreement</td> <td style=""width: 19.8019%; height: 24.8611px;""> </td> <td style=""width: 18.7934%; height: 24.8611px;""> </td> </tr> <tr style=""height: 24.8611px;""> <td style=""width: 61.4292%; height: 24.8611px;"">Clinical Trial Research Agreement (CTRA)</td> <td style=""width: 19.8019%; height: 24.8611px;""> </td> <td style=""width: 18.7934%; height: 24.8611px;""> </td> </tr> <tr style=""height: 24.8611px;""> <td style=""width: 61.4292%; height: 24.8611px;"">Licensing Agreement</td> <td style=""width: 19.8019%; height: 24.8611px;""> </td> <td style=""width: 18.7934%; height: 24.8611px;""> </td> </tr> <tr style=""height: 24.8611px;""> <td style=""width: 61.4292%; height: 24.8611px;"">Commercial Agreement</td> <td style=""width: 19.8019%; height: 24.8611px;""> </td> <td style=""width: 18.7934%; height: 24.8611px;""> </td> </tr> <tr> <td style=""width: 61.4292%;"">Other</td> <td style=""width: 19.8019%;""> </td> <td style=""width: 18.7934%;""> </td> </tr> <tr> <td style=""width: 61.4292%;"">None</td> <td style=""width: 19.8019%;""> </td> <td style=""width: 18.7934%;""> </td> </tr> </tbody> </table> <p> </p></div>",,,,,,,,,,,,,
agreements_future,cgc_review,,checkbox,"Which of the following additional agreements do you believe you will need for your research? (If any)","1, Non-Disclosure (Confidentiality) Agreement | 2, Collaboration/MACH Agreement | 3, Funding Agreement | 4, Data Transfer Agreement | 5, Indemnity Agreement | 6, Services Agreement | 7, Clinical Trial Research Agreement (CTRA) | 8, Licensing Agreement | 9, Commercial Agreement | 10, Other | 11, None - All my agreements are already in place/I don't need any further agreements",,,,,,,y,,,,,@NONEOFTHEABOVE=11
agreements_other,cgc_review,,text,"Please describe the type of agreement",,,,,,,[agreements_future(10)]='1',,,,,,
cgc_review,cgc_review,<h4><b><center>APPROVAL</center></b></h4>,radio,"CGC have reviewed and approved this study to proceed","1, Yes | 0, No | 2, Pending",,,,,,,y,RH,,,,
cgc_review_num,cgc_review,,text,"Approval number:",,,,,,,,y,,,,,
cgc_review_date,cgc_review,,text,"Date of approval",,,date_dmy,,,,[cgc_review]='1',y,,,,,
responsibilities_sent_s,cgc_review,,yesno,"<div class=""rich-text-field-label""><p>Investigator Responsibilities document sent to Principal Investigator</p></div>",,,,,,,,y,RH,,,,
responsibilities_upload_s,cgc_review,,file,"<div class=""rich-text-field-label""><p>Please upload a signed copy of the Investigator Responsibilities document</p></div>",,,,,,,[responsibilities_sent_s]='1',y,,,,,@INLINE
cgc_appr_comment,cgc_review,,notes,Comments,,,,,,,,,RH,,,,
report_requirement,annual_reporting,"<h4><b><center>Annual & Safety Reports</center></b></h4>",descriptive,"<div class='green' style='text-align:center;'><h6 style='text-align:center;'>It is a requirement to provide an annual status update of your study and a final report at the end of your project.</h6></div>",,,,,,,[current-instance]='1',,,,,,
annual_andor_safety,annual_reporting,,checkbox,"What type of report would you like to submit?","1, Annual Report | 2, Safety Report",,,,,,,y,,,,,
annual_report,annual_reporting,,file,"Year [current-instance]: Please upload a copy of the report",,,,,,,,y,,,,,@INLINE
final_report_yn,annual_reporting,,yesno,"Is this the final report for the study?",,,,,,,,y,RH,,,,
acknowledgement_sent,annual_reporting,"<h4><b><center>REPORT ACKNOWLEDGEMENT (CGC use only) </center></b></h4>",yesno,"Acknowledgement letter sent to Principal Investigator?",,,,,,,,y,RH,,,,
acknowledgement_upload,annual_reporting,,file,"<div class=""rich-text-field-label""><p>Please upload a copy of the acknowledgement letter</p></div>",,,,,,,"[acknowledgement_sent] = '1'",,,,,,
reports_instructions,annual_reporting,,descriptive,"<div class=""rich-text-field-label""><p style=""border: 2px solid grey; padding: 2px; text-align: center;""><span style=""display: block; border: 1px solid red; padding: 10px; font- size: 125%; font-style: italic; font-weight: normal;"">To add another report, select the dropdown box from 'current instance' above and select 'Add New'. </span></p></div>",,,,,,,,,,,,,
summary,governance_application,"<center><h4><b>FLOREY SITE SPECIFIC GOVERNANCE SUBMISSION</b></h4></center> <p style=""border: 2px solid grey; padding: 2px; text-align: center;""><span style=""display: block; border: 1px solid red; padding: 10px; font- size: 125%; font-style: italic; font-weight: normal;""> Please complete when Florey is a participating site and site specific governance approval is required. </span></p>",notes,"Please provide a brief summary of the application",,,,,,,,,,,,,
protocol_upload,governance_application,"<div class=""rich-text-field-label""><p>Please upload relevant documents as listed below:</p></div>",file,"Ethics approved protocol",,,,,,,,,,,,,@INLINE
ib_table,governance_application," ",descriptive,"<div class=""rich-text-field-label""><table style=""border-collapse: collapse; width: 100%; height: 49px; border-style: hidden; float: left;"" border=""0""> <tbody> <tr style=""height: 24.5px;""> <td style=""width: 56.1528%; height: 49px;"" rowspan=""3"">Investigator Brochure</td> <td style=""width: 22.9137%;"">Tracked from Master:</td> <td style=""width: 20.9335%; height: 24.5px;"">{ib_upload}</td> </tr> <tr> <td style=""width: 22.9137%;"">Clean:</td> <td style=""width: 20.9335%;"">{ib_upload_clean}</td> </tr> <tr style=""height: 24.5px;""> <td style=""width: 22.9137%;""> </td> <td style=""width: 20.9335%; height: 24.5px;"">{ib_na}</td> </tr> </tbody> </table></div>",,,,,,,,,,,,,
ib_upload,governance_application,,file,"Please upload a copy of the investigator brochure (Tracked from Master)",,,,,,,,,,,,,@INLINE
ib_upload_clean,governance_application,,file,"Please upload a copy of the investigator brochure (Clean)",,,,,,,,,,,,,@INLINE
ib_na,governance_application,,radio,or,"1, Not applicable",,,,,,,,,,,,
tga_table,governance_application," ",descriptive,"<div class=""rich-text-field-label""><table style=""border-collapse: collapse; width: 100%; height: 49px; border-style: hidden; float: left;"" border=""0""> <tbody> <tr style=""height: 24.5px;""> <td style=""width: 59.6887%; height: 49px;"" rowspan=""2""> <p>TGA Notification/Acknowledgement</p> <p><span style=""font-weight: normal;""><em>Only applies if you are using an Investigational Product (IP)</em></span></p> </td> <td style=""width: 40.1718%; height: 24.5px;"">{tga_upload}</td> </tr> <tr style=""height: 24.5px;""> <td style=""width: 40.1718%; height: 24.5px;"">{tga_na}</td> </tr> </tbody> </table></div>",,,,,,,,,,,,,
tga_upload,governance_application,,file,"Please upload a copy of the TGA Notification/Acknowledgement",,,,,,,,,,,,,@INLINE
tga_na,governance_application,,radio,or,"1, Not applicable",,,,,,,,,,,,
letter_upload,governance_application," ",file,"Ethics approval letter, stating Florey as the Participating Site",,,,,,,,,,,,,@INLINE
ctra_signed,governance_application,,radio,"Sponsor signed CTRA submitted","1, Yes | 0, No | 2, Not applicable",,,,,,,,RH,,,,
ctra_instructions,governance_application,,descriptive,"<div class=""green"" style=""text-align:center;""><h6 style=""text-align:center;"">Please upload the signed CTRA in the section titled ""Agreements"" </h6></div>",,,,,,,[ctra_signed]='1',,,,,,
picf_master_upload,governance_application,"<div class=""rich-text-field-label""><p>HREC Approved <span style=""text-decoration: underline;"">Master</span> Forms</p></div>",file,"<div class=""rich-text-field-label""><p><span style=""text-decoration: underline;"">Patient</span> information sheet and consent form</p></div>",,,,,,,,,,,,,@INLINE
pricf_master_upload,governance_application,,file,"<div class=""rich-text-field-label""><p><span style=""text-decoration: underline;"">Person responsible</span> information sheet and consent form</p></div>",,,,,,,,,,,,,@INLINE
parent_master_upload,governance_application,,file,"<div class=""rich-text-field-label""><p><span style=""text-decoration: underline;"">Parent/guardian</span> information sheet and consent form</p></div>",,,,,,,,,,,,,@INLINE
other_master_upload,governance_application,,file,"<div class=""rich-text-field-label""><p><span style=""text-decoration: underline;"">'Other'</span> approved information sheet and consent form</p></div>",,,,,,,,,,,,,@INLINE
picf_florey_desc,governance_application,"<div class=""rich-text-field-label""><p><span style=""text-decoration: underline;"">Florey</span> Site Forms</p></div>",descriptive,"<div class=""rich-text-field-label""><div class=""green"" style=""text-align: center;""> <h6 style=""text-align: center;"">Florey site forms must be based on ethics approved master forms. They must be on Florey letterhead and must list the Florey PI and relevant associate investigators.</h6> <h6 style=""text-align: center;"">Florey details for complaints person should be completed as follows:</h6> <h6 style=""text-align: center;"">Contact person: Fiona Ellery</h6> <h6 style=""text-align: center;"">Position: Clinical Governance Advisor Phone: 9035 7042</h6> <h6 style=""text-align: center;"">Email: clinical-governance@florey.edu.au</h6> </div> <p> </p></div>",,,,,,,,,,,,,
picf_local_num,governance_application,,text,"How many Florey site-specific patient information sheets and consent forms would you like to upload?",,,integer,,,,,y,,,,,
picf_local_upload,governance_application,,file,"Please upload number 1",,,,,,,[picf_local_num]>0,y,,,,,@INLINE
picf_local_upload_2,governance_application,,file,"Please upload number 2",,,,,,,[picf_local_num]>1,y,,,,,@INLINE
picf_local_upload_3,governance_application,,file,"Please upload number 3",,,,,,,[picf_local_num]>2,y,,,,,@INLINE
picf_local_upload_4,governance_application,,file,"Please upload number 4",,,,,,,[picf_local_num]>3,y,,,,,@INLINE
picf_local_upload_5,governance_application,,file,"Please upload number 5",,,,,,,[picf_local_num]>4,y,,,,,@INLINE
picf_local_upload_6,governance_application,,file,"Please upload number 6",,,,,,,[picf_local_num]>5,y,,,,,@INLINE
picf_local_upload_7,governance_application,,file,"Please upload number 7",,,,,,,[picf_local_num]>6,y,,,,,@INLINE
picf_local_upload_8,governance_application,,file,"Please upload number 8",,,,,,,[picf_local_num]>7,y,,,,,@INLINE
picf_local_upload_9,governance_application,,file,"Please upload number 9",,,,,,,[picf_local_num]>8,y,,,,,@INLINE
picf_local_upload_10,governance_application,,file,"Please upload number 10",,,,,,,[picf_local_num]>9,y,,,,,@INLINE
pricf_local_num,governance_application,,text,"How many Florey site-specific person responsible information sheets and consent forms would you like to upload?",,,integer,,,,,y,,,,,
pricf_local_upload,governance_application,,file,"Please upload number 1",,,,,,,[pricf_local_num]>0,y,,,,,@INLINE
pricf_local_upload_2,governance_application,,file,"Please upload number 2",,,,,,,[pricf_local_num]>1,y,,,,,@INLINE
pricf_local_upload_3,governance_application,,file,"Please upload number 3",,,,,,,[pricf_local_num]>2,y,,,,,@INLINE
pricf_local_upload_4,governance_application,,file,"Please upload number 4",,,,,,,[pricf_local_num]>3,y,,,,,@INLINE
pricf_local_upload_5,governance_application,,file,"Please upload number 5",,,,,,,[pricf_local_num]>4,y,,,,,@INLINE
pricf_local_upload_6,governance_application,,file,"Please upload number 6",,,,,,,[pricf_local_num]>5,y,,,,,@INLINE
pricf_local_upload_7,governance_application,,file,"Please upload number 7",,,,,,,[pricf_local_num]>6,y,,,,,@INLINE
pricf_local_upload_8,governance_application,,file,"Please upload number 8",,,,,,,[pricf_local_num]>7,y,,,,,@INLINE
pricf_local_upload_9,governance_application,,file,"Please upload number 9",,,,,,,[pricf_local_num]>8,y,,,,,@INLINE
pricf_local_upload_10,governance_application,,file,"Please upload number 10",,,,,,,[pricf_local_num]>9,y,,,,,@INLINE
parent_local_num,governance_application,,text,"How many Florey site-specific parent/guardian information sheets and consent forms would you like to upload?",,,integer,,,,,y,,,,,
parent_local_upload,governance_application,,file,"Please upload number 1",,,,,,,[parent_local_num]>0,y,,,,,@INLINE
parent_local_upload_2,governance_application,,file,"Please upload number 2",,,,,,,[parent_local_num]>1,y,,,,,@INLINE
parent_local_upload_3,governance_application,,file,"Please upload number 3",,,,,,,[parent_local_num]>2,y,,,,,@INLINE
parent_local_upload_4,governance_application,,file,"Please upload number 4",,,,,,,[parent_local_num]>3,y,,,,,@INLINE
parent_local_upload_5,governance_application,,file,"Please upload number 5",,,,,,,[parent_local_num]>4,y,,,,,@INLINE
parent_local_upload_6,governance_application,,file,"Please upload number 6",,,,,,,[parent_local_num]>5,y,,,,,@INLINE
parent_local_upload_7,governance_application,,file,"Please upload number 7",,,,,,,[parent_local_num]>6,y,,,,,@INLINE
parent_local_upload_8,governance_application,,file,"Please upload number 8",,,,,,,[parent_local_num]>7,y,,,,,@INLINE
parent_local_upload_9,governance_application,,file,"Please upload number 9",,,,,,,[parent_local_num]>8,y,,,,,@INLINE
parent_local_upload_10,governance_application,,file,"Please upload number 10",,,,,,,[parent_local_num]>9,y,,,,,@INLINE
other_local_num,governance_application,,text,"How many any other relevant information sheets approved by ethics would you like to upload?",,,integer,,,,,y,,,,,
other_local_upload,governance_application,,file,"Please upload number 1",,,,,,,[other_local_num]>0,y,,,,,@INLINE
other_local_upload_2,governance_application,,file,"Please upload number 2",,,,,,,[other_local_num]>1,y,,,,,@INLINE
other_local_upload_3,governance_application,,file,"Please upload number 3",,,,,,,[other_local_num]>2,y,,,,,@INLINE
other_local_upload_4,governance_application,,file,"Please upload number 4",,,,,,,[other_local_num]>3,y,,,,,@INLINE
other_local_upload_5,governance_application,,file,"Please upload number 5",,,,,,,[other_local_num]>4,y,,,,,@INLINE
other_local_upload_6,governance_application,,file,"Please upload number 6",,,,,,,[other_local_num]>5,y,,,,,@INLINE
other_local_upload_7,governance_application,,file,"Please upload number 7",,,,,,,[other_local_num]>6,y,,,,,@INLINE
other_local_upload_8,governance_application,,file,"Please upload number 8",,,,,,,[other_local_num]>7,y,,,,,@INLINE
other_local_upload_9,governance_application,,file,"Please upload number 9",,,,,,,[other_local_num]>8,y,,,,,@INLINE
other_local_upload_10,governance_application,,file,"Please upload number 10",,,,,,,[other_local_num]>9,y,,,,,@INLINE
other_docs1,governance_application,"Please upload any other applicable documents for governance review (e.g. TGA acknowledgement, patient facing materials etc.)",file,"Document 1",,,,,,,,,,,,,@INLINE
other_docs2,governance_application,,file,"Document 2",,,,,,,,,,,,,@INLINE
other_docs3,governance_application,,file,"Document 3",,,,,,,,,,,,,@INLINE
cgc_affiliation_psonly,governance_approval,"<h4><b><center>Governance Review (CGC office use only)</center></b></h4>",yesno,"PI has Florey Affiliation?",,,,,,,"[role] = '2'",,RH,,,,
check_cv,governance_approval,,yesno,"PI CV provided",,,,,,,,,RH,,,,
check_ichgcp,governance_approval,,yesno,"PI credentialing provided",,,,,,,,,RH,,,,
cgc_role_psonly,governance_approval,,yesno,"Confirmation of Florey role in the study?",,,,,,,[role]='2',,RH,,,,
cgc_scope_psonly,governance_approval,,radio,"Scope of study","1, Single site | 2, Multisite, Australia | 3, Multisite, International",,,,,,[role]='2',,,,,,
cgc_ethics_psonly,governance_approval,,radio,"Ethics approval of study?","1, Yes | 0, No | 2, Pending",,,,,,[role]='2',,,,,,
cgc_dsmc_2,governance_approval,,radio,"<div class=""rich-text-field-label""><p>Data Safety Monitoring process in place?</p> <p><em><span style=""font-weight: normal;"">(If required)</span></em></p></div>","1, Yes | 2, No | 3, Not required | 4, Pending",,,,,,[role]='2',,,,,,
cgc_data_psonly,governance_approval,,yesno,"Data to be held at Florey?",,,,,,,[role]='2',,RH,,,,
check_data,governance_approval,,yesno,"Data access requirements reviewed",,,,,,,,,RH,,,,
check_picf,governance_approval,,yesno,"Relevant Florey specific patient information sheet and consent forms provided",,,,,,,,,RH,,,,
check_agree,governance_approval,,yesno,"Relevant agreements in place",,,,,,,,,RH,,,,
check_insure,governance_approval,,radio,"Relevant insurance in place","1, Yes | 2, No | 3, Under negotiation",,,,,,,,,,,,
check_capacity,governance_approval,,yesno,"Florey has capacity to support the project",,,,,,,,,RH,,,,
check_comments,governance_approval,,notes,"<div class=""rich-text-field-label""><p>Comments</p> <p><em><span style=""font-weight: normal;"">(As required)</span></em></p></div>",,,,,,,,,,,,,
gov_approval,governance_approval,<h4><b><center>Approval</center></b></h4>,radio,"Florey governance approval?","1, Yes | 0, No | 2, Pending",,,,,,,,RH,,,,
governance_num,governance_approval,,text,"Governance reference number:",,"e.g. SSA/Florey/2021/XX",,,,,,,,,,,@HIDDEN
governance_num_new,governance_approval,,descriptive,"
Governance reference number: SSA/Florey/[YEAR]/[study_details_arm_1][trial_no]",,,,,,,,,,,,,
date_gov,governance_approval,,text,"Date of approval",,DD-MM-YYYY,date_dmy,,,,,,,,,,
letter_sent,governance_approval,,yesno,"Approval letter sent to Principal Investigator",,,,,,,,,RH,,,,
gov_letter_upload,governance_approval,,file,"Please upload a copy of the approval letter",,,,,,,[letter_sent]='1',,,,,,@INLINE
responsibilities_sent_ps,governance_approval,,yesno,"<div class=""rich-text-field-label""><p>Investigator Responsibilities document sent to Principal Investigator</p></div>",,,,,,,,,RH,,,,
responsibilities_upload_ps,governance_approval,,file,"<div class=""rich-text-field-label""><p>Please upload a signed copy of the Investigator Responsibilities document</p></div>",,,,,,,[responsibilities_sent_ps]='1',,,,,,@INLINE
amend_date,amendment_applications,"<h4><b><center>POST APPROVAL APPLICATION </center></b></h4><p style=""border:2px solid grey;padding:2px;""><span style=""display:block;border:1px solid red;padding:10px;font- size: 125%;font-style:italic;font-weight: normal;text-align: center;""> Please complete when Florey is a participating site and post governance approval is required. Please upload relevant documents as listed below. (e.g. amendments, final report) </span></p>",text,"Date Amendment [current-instance] sent to Florey Legal for review",,,date_dmy,,,,,y,,,,,
amend_reason,amendment_applications,,checkbox,"Reason for Amendment [current-instance] (check all that apply) ","1, Amendment to Protocol | 2, Update to Investigator Brochure | 3, Change to study staffing | 4, New or change to existing patient facing materials (incl. PICFs) | 5, Other",,,,,,,y,,,,,
amend_summary,amendment_applications,,notes,"Please provide a brief summary of Amendment [current-instance] ",,,,,,,,y,,,,,
cont_change_yn,amendment_applications,,yesno,"Are any new contracts, or changes to existing contracts required for this amendment? ",,,,,,,,,RH,,,,
cont_list,amendment_applications,,notes,"Please list all contracts that require creation or updating. ",,,,,,,[cont_change_yn]='1',,RH,,,,
amend_letter_upload,amendment_applications,,file,"Please upload the HREC approval letter for amendment [current-instance]",,,,,,,,y,,,,,@INLINE
amend_prot1,amendment_applications,"Please upload amended Protocol document(s) with tracked changes",file,"Document 1",,,,,,,[amend_reason(1)]='1',y,,,,,@INLINE
amend_prot2,amendment_applications,,file,"Document 2",,,,,,,[amend_reason(1)]='1',,,,,,@INLINE
amend_prot3,amendment_applications,,file,"Document 3",,,,,,,[amend_reason(1)]='1',,,,,,@INLINE
amend_ib1,amendment_applications,"Please upload amended Investigators Brochure(s) with tracked changes or clear description of changes",file,"Document 1",,,,,,,[amend_reason(2)]='1',y,,,,,@INLINE
amend_ib2,amendment_applications,,file,"Document 2",,,,,,,[amend_reason(2)]='1',,,,,,@INLINE
amend_ib3,amendment_applications,,file,"Document 3",,,,,,,[amend_reason(2)]='1',,,,,,@INLINE
amend_cv1,amendment_applications,"Please upload the CV/other credentialing document(s) of the new staff member",file,"Document 1",,,,,,,[amend_reason(3)]='1',y,,,,,@INLINE
amend_cv2,amendment_applications,,file,"Document 2",,,,,,,[amend_reason(3)]='1',,,,,,@INLINE
amend_cv3,amendment_applications,,file,"Document 3",,,,,,,[amend_reason(3)]='1',,,,,,@INLINE
num_picf_pricf,amendment_applications,"Please upload any amended Information Sheet(s), Consent Form(s) or other patient-facing materials with tracked changes",text,"How many documents would you like to upload? (1 - 10)",,,integer,1,10,,[amend_reason(4)]='1',y,,,,,
amend_picf_pricf1,amendment_applications,,file,"Document 1",,,,,,,[num_picf_pricf]>=1,y,,,,,@INLINE
amend_picf_pricf2,amendment_applications,,file,"Document 2",,,,,,,[num_picf_pricf]>=2,,,,,,@INLINE
amend_picf_pricf3,amendment_applications,,file,"Document 3",,,,,,,[num_picf_pricf]>=3,,,,,,@INLINE
amend_picf_pricf4,amendment_applications,,file,"Document 4",,,,,,,[num_picf_pricf]>=4,,,,,,@INLINE
amend_picf_pricf5,amendment_applications,,file,"Document 5",,,,,,,[num_picf_pricf]>=5,,,,,,@INLINE
amend_picf_pricf6,amendment_applications,,file,"Document 6",,,,,,,[num_picf_pricf]>=6,,,,,,@INLINE
amend_picf_pricf7,amendment_applications,,file,"Document 7",,,,,,,[num_picf_pricf]>=7,,,,,,@INLINE
amend_picf_pricf8,amendment_applications,,file,"Document 8",,,,,,,[num_picf_pricf]>=8,,,,,,@INLINE
amend_picf_pricf9,amendment_applications,,file,"Document 9",,,,,,,[num_picf_pricf]>=9,,,,,,@INLINE
amend_picf_pricf10,amendment_applications,,file,"Document 10",,,,,,,[num_picf_pricf]>=10,,,,,,@INLINE
num_other,amendment_applications,"Please upload other documents for review (with tracked changes) ",text,"How many documents do you need to upload? (1 - 10)",,,integer,1,10,,[amend_reason(5)]='1',y,,,,,
amend_other1,amendment_applications,,file,"Document 1",,,,,,,[num_other]>=1,y,,,,,@INLINE
amend_other2,amendment_applications,,file,"Document 2",,,,,,,[num_other]>=2,,,,,,@INLINE
amend_other3,amendment_applications,,file,"Document 3",,,,,,,[num_other]>=3,,,,,,@INLINE
amend_other4,amendment_applications,,file,"Document 4",,,,,,,[num_other]>=4,,,,,,@INLINE
amend_other5,amendment_applications,,file,"Document 5",,,,,,,[num_other]>=5,,,,,,@INLINE
amend_other6,amendment_applications,,file,"Document 6",,,,,,,[num_other]>=6,,,,,,@INLINE
amend_other7,amendment_applications,,file,"Document 7",,,,,,,[num_other]>=7,,,,,,@INLINE
amend_other8,amendment_applications,,file,"Document 8",,,,,,,[num_other]>=8,,,,,,@INLINE
amend_other9,amendment_applications,,file,"Document 9",,,,,,,[num_other]>=9,,,,,,@INLINE
amend_other10,amendment_applications,,file,"Document 10",,,,,,,[num_other]>=10,,,,,,@INLINE
am_change_docs,amendment_applications,"<h4><b><center>AMENDMENT APPROVAL (CGC use only) </center></b></h4>",yesno,"Changes to relevant documents provided? (tracked and clean versions)",,,,,,,,y,RH,,,,
am_approved,amendment_applications,,radio,"Amendment [current-instance] approved?","1, Yes | 0, No | 2, Pending",,,,,,,y,RH,,,,
am_governance_num,amendment_applications,,descriptive,"
Florey Governance reference number: [for_participating_arm_1][governance_num]/[current-instance]
",,,,,,,"[am_approved] = '1'",,,,,,
am_change_comm,amendment_applications,,notes,"Comments (as required)",,,,,,,,,,,,,
am_date_gov,amendment_applications,,text,"Date Florey Governance approved",,DD-MM-YYYY,date_dmy,,,,,y,,,,,
am_letter_sent,amendment_applications,,yesno,"Approval letter sent to Principal Investigator",,,,,,,,y,RH,,,,
am_letter_copy,amendment_applications,,file,"Please upload a copy of the approval letter",,,,,,,[am_letter_sent]='1',y,,,,,@INLINE
amendment_instructions,amendment_applications,,descriptive,"<div class=""rich-text-field-label""><p style=""border: 2px solid grey; padding: 2px; text-align: center;""><span style=""display: block; border: 1px solid red; padding: 10px; font- size: 125%; font-style: italic; font-weight: normal;"">To add another amendment, select the dropdown box from 'current instance' above and select 'Add New'. </span></p></div>",,,,,,,,,,,,,
